time,latitude,longitude,sea_surface_temp_C,humidity_percent,pressure_hPa,wind_speed_kmph,risk_level
2023-01-01,-20.41,152.54,29.0,99,974,58,Medium
2023-01-02,24.06,104.44,31.9,79,951,13,Low
2023-01-03,-5.37,152.46,28.8,55,971,18,Low
2023-01-04,22.93,163.04,29.6,86,975,52,Medium
2023-01-05,-27.87,53.94,28.9,57,966,66,Medium
2023-01-06,14.73,166.86,29.7,56,1014,87,Low
2023-01-07,1.16,83.79,24.5,65,1015,53,Low
2023-01-08,-20.57,65.0,31.1,61,972,86,Medium
2023-01-09,11.84,42.92,26.1,78,1003,132,Low
2023-01-10,-10.6,72.51,30.5,83,955,138,High
2023-01-11,13.44,87.45,25.8,65,959,56,Medium
2023-01-12,-3.79,147.45,25.3,76,959,112,Medium
2023-01-13,16.24,154.76,29.6,89,983,125,High
2023-01-14,2.92,128.52,25.6,84,951,32,Low
2023-01-15,27.5,58.98,29.1,64,970,61,Medium
2023-01-16,-8.17,40.02,25.3,97,974,83,Medium
2023-01-17,-4.08,45.1,30.6,98,956,18,Low
2023-01-18,1.09,136.13,28.5,76,964,77,Medium
2023-01-19,27.73,103.88,31.2,51,992,50,Medium
2023-01-20,16.33,135.76,26.8,51,1012,106,Low
2023-01-21,-22.45,153.46,30.1,50,959,59,Medium
2023-01-22,-2.09,77.2,27.8,100,1015,148,Low
2023-01-23,21.36,53.43,29.0,56,1013,35,Low
2023-01-24,4.64,170.97,25.5,76,965,20,Low
2023-01-25,-26.26,142.45,24.6,90,1011,57,Low
2023-01-26,-28.07,58.65,29.0,95,977,101,High
2023-01-27,-5.82,35.99,31.0,98,992,131,Medium
2023-01-28,-20.7,44.67,26.5,68,973,74,Medium
2023-01-29,24.94,35.83,30.3,91,985,96,High
2023-01-30,2.79,168.36,24.4,82,983,62,Medium
2023-01-31,-15.31,57.04,28.2,83,1002,137,Low
2023-02-01,22.4,175.91,28.4,56,1002,71,Low
2023-02-02,-19.28,109.49,28.8,72,964,137,Medium
2023-02-03,-20.71,165.51,27.8,100,968,12,Low
2023-02-04,-19.58,99.48,24.5,100,1000,114,Low
2023-02-05,13.03,97.72,31.4,100,1015,128,Low
2023-02-06,-26.97,91.6,27.8,73,958,58,Medium
2023-02-07,-27.48,82.24,29.3,71,952,103,Medium
2023-02-08,10.41,88.36,28.2,77,1006,87,Low
2023-02-09,-9.48,100.15,27.0,57,973,138,Medium
2023-02-10,-12.81,107.43,29.6,82,974,115,High
2023-02-11,-26.08,162.56,30.3,87,990,42,Medium
2023-02-12,2.17,122.59,28.2,78,981,22,Low
2023-02-13,4.44,163.89,29.7,95,977,31,Low
2023-02-14,15.56,40.37,26.6,57,977,14,Low
2023-02-15,11.51,41.8,25.9,54,966,72,Medium
2023-02-16,3.79,131.61,27.5,72,971,91,Medium
2023-02-17,-24.31,87.1,24.6,51,954,21,Low
2023-02-18,5.2,125.03,27.6,66,1003,31,Low
2023-02-19,-7.19,77.26,29.4,64,990,129,Medium
2023-02-20,9.07,119.08,25.0,86,959,134,Medium
2023-02-21,18.39,142.83,25.5,87,1004,136,Low
2023-02-22,27.37,69.85,25.9,96,963,141,Medium
2023-02-23,9.52,58.33,30.1,91,953,126,High
2023-02-24,-20.03,134.95,29.2,67,991,70,Medium
2023-02-25,-16.9,85.93,27.9,62,975,109,Medium
2023-02-26,22.21,164.2,26.5,65,1003,108,Low
2023-02-27,20.24,115.02,25.8,75,1008,70,Low
2023-02-28,7.96,91.38,28.9,50,966,139,Medium
2023-03-01,-23.38,100.78,32.0,79,994,97,Medium
2023-03-02,-28.43,141.63,27.9,81,955,40,Low
2023-03-03,-22.53,88.11,29.5,57,1015,96,Low
2023-03-04,3.07,136.49,27.9,83,969,108,Medium
2023-03-05,26.62,159.97,29.0,52,975,97,Medium
2023-03-06,-16.14,160.71,30.3,74,995,58,Medium
2023-03-07,-9.91,177.97,31.1,72,997,14,Low
2023-03-08,-15.42,61.2,26.0,52,993,14,Low
2023-03-09,28.81,93.8,27.9,73,972,36,Low
2023-03-10,-13.02,125.65,29.2,60,1013,136,Low
2023-03-11,9.24,133.13,26.9,55,959,74,Medium
2023-03-12,25.14,43.28,25.8,50,987,37,Low
2023-03-13,-19.55,77.25,26.1,92,986,122,Medium
2023-03-14,17.66,166.47,29.9,70,975,112,Medium
2023-03-15,8.0,154.37,31.2,97,983,100,High
2023-03-16,8.5,138.81,29.5,50,983,84,Medium
2023-03-17,11.9,128.22,30.5,51,1004,56,Low
2023-03-18,16.51,44.58,25.7,61,956,78,Medium
2023-03-19,-3.94,134.48,24.4,51,1006,59,Low
2023-03-20,-16.84,52.4,28.9,77,989,113,High
2023-03-21,27.03,106.28,25.1,71,1010,146,Low
2023-03-22,-15.07,65.71,30.9,79,965,114,High
2023-03-23,14.71,168.53,27.4,96,1004,14,Low
2023-03-24,18.38,160.07,30.0,81,953,12,Low
2023-03-25,-14.47,77.28,25.7,59,960,46,Medium
2023-03-26,-20.74,104.11,31.3,84,985,83,High
2023-03-27,-7.28,179.91,26.7,76,996,82,Medium
2023-03-28,2.33,139.39,31.1,74,997,146,Medium
2023-03-29,15.55,167.87,31.5,70,1009,140,Low
2023-03-30,25.11,178.9,31.3,67,1003,37,Low
2023-03-31,-19.96,137.01,32.0,98,987,122,High
2023-04-01,-2.99,119.43,25.1,93,981,58,Medium
2023-04-02,-28.14,169.89,26.0,67,954,87,Medium
2023-04-03,-18.07,95.57,29.6,88,1015,113,Low
2023-04-04,2.22,78.79,31.7,70,974,133,Medium
2023-04-05,-22.72,150.88,25.8,65,953,108,Medium
2023-04-06,-9.89,136.34,24.6,90,985,27,Low
2023-04-07,-6.99,175.41,29.4,86,956,18,Low
2023-04-08,24.54,162.35,25.3,74,974,38,Low
2023-04-09,18.12,87.69,28.5,58,983,118,Medium
2023-04-10,9.71,63.39,28.8,57,1015,41,Low
2023-04-11,-7.39,141.92,31.1,68,986,37,Low
2023-04-12,-21.89,109.58,29.0,96,1011,64,Low
2023-04-13,-16.15,148.23,27.3,53,1007,28,Low
2023-04-14,-14.25,41.62,28.8,96,1007,44,Low
2023-04-15,0.51,58.93,25.1,50,1012,107,Low
2023-04-16,-23.2,141.14,24.9,71,1014,35,Low
2023-04-17,-8.11,75.29,31.2,82,963,132,High
2023-04-18,15.82,109.01,25.7,95,993,72,Medium
2023-04-19,19.26,116.8,29.0,78,1005,62,Low
2023-04-20,-1.06,152.26,29.7,75,981,92,Medium
2023-04-21,14.41,102.97,27.9,72,1005,82,Low
2023-04-22,16.29,169.11,31.5,74,1005,54,Low
2023-04-23,12.52,63.77,30.4,80,980,91,High
2023-04-24,-2.37,41.77,31.8,73,951,149,Medium
2023-04-25,26.46,130.2,25.2,58,977,47,Medium
2023-04-26,-16.49,42.44,27.8,53,958,99,Medium
2023-04-27,5.59,75.34,25.5,98,994,13,Low
2023-04-28,-13.42,127.76,24.9,71,993,149,Medium
2023-04-29,-4.92,133.79,29.5,60,979,144,Medium
2023-04-30,-23.25,47.54,24.4,89,952,61,Medium
2023-05-01,-13.2,139.91,25.9,82,956,112,Medium
2023-05-02,7.77,129.94,25.7,50,966,67,Medium
2023-05-03,21.08,112.45,29.5,50,994,34,Low
2023-05-04,0.33,90.87,31.7,85,965,42,Medium
2023-05-05,-10.59,39.9,31.5,98,960,124,High
2023-05-06,20.25,96.03,27.0,67,1009,93,Low
2023-05-07,-24.21,146.0,25.7,85,964,115,Medium
2023-05-08,25.29,137.69,26.8,96,955,134,Medium
2023-05-09,14.56,136.03,30.1,59,956,64,Medium
2023-05-10,1.95,133.42,31.9,90,977,118,High
2023-05-11,5.91,130.52,30.4,70,999,98,Medium
2023-05-12,20.58,113.94,30.0,74,986,56,Medium
2023-05-13,7.92,75.18,28.7,64,979,74,Medium
2023-05-14,-0.97,81.82,24.8,96,960,122,Medium
2023-05-15,-26.97,146.23,27.5,50,1009,115,Low
2023-05-16,28.87,78.64,29.3,65,994,83,Medium
2023-05-17,-22.12,60.44,25.0,75,992,138,Medium
2023-05-18,2.17,140.05,31.2,94,968,117,High
2023-05-19,11.01,147.57,29.7,78,985,132,High
2023-05-20,-0.83,44.96,31.7,60,999,51,Medium
2023-05-21,26.51,86.54,30.2,53,984,105,Medium
2023-05-22,13.13,81.84,25.3,65,964,51,Medium
2023-05-23,13.63,89.99,24.5,65,1007,67,Low
2023-05-24,15.19,102.46,25.0,55,951,38,Low
2023-05-25,11.4,54.69,29.6,68,969,114,Medium
2023-05-26,3.86,91.92,31.6,82,979,60,Medium
2023-05-27,22.1,178.97,26.1,54,977,10,Low
2023-05-28,20.08,75.95,26.3,73,991,87,Medium
2023-05-29,18.32,38.45,28.7,96,970,147,High
2023-05-30,21.27,170.64,25.6,57,974,143,Medium
2023-05-31,23.13,108.28,24.6,75,960,54,Medium
2023-06-01,9.17,74.62,25.2,78,967,129,Medium
2023-06-02,23.93,71.49,29.4,94,987,145,High
2023-06-03,0.63,104.51,29.1,87,961,104,High
2023-06-04,-3.58,63.39,26.9,77,956,140,Medium
2023-06-05,-23.74,99.93,27.3,63,958,148,Medium
2023-06-06,21.06,53.58,31.7,74,997,122,Medium
2023-06-07,28.32,91.6,25.8,95,1014,20,Low
2023-06-08,-19.38,41.79,29.3,90,1014,117,Low
2023-06-09,7.11,161.3,31.2,86,950,133,High
2023-06-10,8.58,145.35,28.6,65,1011,44,Low
2023-06-11,-24.81,63.5,26.0,59,975,109,Medium
2023-06-12,-15.61,149.81,31.0,75,964,147,Medium
2023-06-13,14.37,126.68,24.6,79,981,90,Medium
2023-06-14,-4.95,116.57,26.7,87,978,79,Medium
2023-06-15,5.53,169.71,25.8,63,1001,88,Low
2023-06-16,0.83,32.99,25.5,83,969,12,Low
2023-06-17,-2.25,109.26,25.5,66,981,95,Medium
2023-06-18,28.29,51.35,29.4,98,970,136,High
2023-06-19,7.08,43.53,31.8,89,990,52,Medium
2023-06-20,13.11,158.68,28.7,72,961,103,Medium
2023-06-21,-16.31,52.09,26.3,81,950,84,Medium
2023-06-22,17.71,57.91,24.8,90,1014,56,Low
2023-06-23,-17.98,120.69,31.1,62,995,95,Medium
2023-06-24,-23.66,43.3,25.0,56,999,150,Medium
2023-06-25,11.2,134.55,26.3,80,967,109,Medium
2023-06-26,9.53,102.44,30.1,81,986,11,Low
2023-06-27,12.9,143.8,24.3,98,994,112,Medium
2023-06-28,11.6,108.81,24.7,73,959,66,Medium
2023-06-29,1.2,138.86,27.3,70,974,17,Low
2023-06-30,23.15,165.72,28.7,61,962,89,Medium
2023-07-01,23.34,92.83,24.9,81,985,87,Medium
2023-07-02,14.23,121.13,28.3,73,1005,105,Low
2023-07-03,-7.46,61.8,28.0,86,982,36,Low
2023-07-04,19.39,103.6,24.1,82,952,51,Medium
2023-07-05,-14.36,83.22,27.8,72,995,98,Medium
2023-07-06,-25.27,119.97,28.1,86,1009,56,Low
2023-07-07,-4.39,96.49,26.6,95,965,87,Medium
2023-07-08,-25.56,41.06,30.1,76,959,23,Low
2023-07-09,-5.54,34.14,29.3,85,1001,17,Low
2023-07-10,29.0,142.31,24.9,93,956,87,Medium
2023-07-11,-27.32,31.0,28.7,75,991,54,Medium
2023-07-12,-17.02,169.01,28.3,75,998,32,Low
2023-07-13,3.23,74.59,30.9,81,998,128,Medium
2023-07-14,15.35,36.95,24.4,55,1010,60,Low
2023-07-15,-22.91,72.5,26.8,60,978,62,Medium
2023-07-16,-19.11,91.47,24.2,58,992,141,Medium
2023-07-17,-19.33,83.88,28.9,58,993,121,Medium
2023-07-18,9.22,170.66,26.4,96,1007,111,Low
2023-07-19,-7.24,34.46,27.9,99,963,78,Medium
2023-07-20,-1.73,85.41,25.0,77,990,64,Medium
2023-07-21,-29.86,55.17,29.4,73,990,103,Medium
2023-07-22,20.82,94.03,27.9,83,996,19,Low
2023-07-23,9.36,71.07,30.4,60,958,149,Medium
2023-07-24,29.98,170.49,26.0,52,963,97,Medium
2023-07-25,12.96,135.08,25.6,88,960,40,Low
2023-07-26,-23.56,175.57,24.2,62,987,103,Medium
2023-07-27,24.43,73.24,30.9,67,999,15,Low
2023-07-28,-12.7,124.15,26.2,91,979,45,Medium
2023-07-29,-24.31,142.54,26.0,74,1006,108,Low
2023-07-30,15.98,92.66,26.2,86,997,104,Medium
2023-07-31,17.46,119.62,26.8,80,985,98,Medium
2023-08-01,11.28,47.36,31.7,65,975,143,Medium
2023-08-02,1.75,36.73,27.8,85,1009,131,Low
2023-08-03,-3.76,176.2,30.1,67,995,79,Medium
2023-08-04,2.89,152.16,31.0,76,985,59,Medium
2023-08-05,-22.35,136.47,29.4,68,1007,126,Low
2023-08-06,13.97,169.31,25.4,79,951,45,Medium
2023-08-07,-15.74,51.34,28.1,69,995,14,Low
2023-08-08,29.52,171.04,27.8,79,989,113,Medium
2023-08-09,22.37,152.07,27.7,86,988,149,Medium
2023-08-10,28.61,145.33,31.1,75,1002,141,Low
2023-08-11,13.58,90.67,31.1,89,990,62,Medium
2023-08-12,11.48,65.67,24.1,72,961,119,Medium
2023-08-13,14.14,43.22,25.9,59,980,46,Medium
2023-08-14,-19.98,65.44,30.8,51,977,29,Low
2023-08-15,-6.05,115.67,28.6,90,1014,83,Low
2023-08-16,7.99,163.46,29.0,54,989,109,Medium
2023-08-17,12.53,112.75,29.2,52,998,78,Medium
2023-08-18,-2.1,59.46,26.8,54,979,81,Medium
2023-08-19,-19.34,79.49,24.4,86,965,10,Low
2023-08-20,-1.28,91.47,24.8,87,956,16,Low
2023-08-21,25.54,49.15,29.8,94,967,41,Medium
2023-08-22,18.24,122.83,31.1,77,1001,22,Low
2023-08-23,28.78,175.22,31.5,81,970,64,Medium
2023-08-24,-9.75,174.58,24.4,88,960,148,Medium
2023-08-25,13.63,163.86,30.0,86,964,86,High
2023-08-26,-1.2,46.68,25.2,74,958,138,Medium
2023-08-27,-0.73,77.39,31.6,81,964,74,Medium
2023-08-28,-3.12,131.93,30.6,50,982,125,Medium
2023-08-29,-3.06,113.58,24.1,82,1013,102,Low
2023-08-30,-3.78,56.01,31.9,72,1002,123,Low
2023-08-31,20.03,35.4,30.0,91,1011,146,Low
2023-09-01,24.76,104.74,27.6,78,955,130,Medium
2023-09-02,24.18,135.07,27.3,76,963,103,Medium
2023-09-03,21.29,160.77,26.2,87,976,133,Medium
2023-09-04,17.37,70.42,28.1,100,1000,117,Low
2023-09-05,-7.32,168.16,31.3,96,991,96,Medium
2023-09-06,-24.13,107.49,31.2,52,969,124,Medium
2023-09-07,12.14,118.5,31.8,74,954,124,Medium
2023-09-08,-17.59,51.58,29.7,66,980,126,Medium
2023-09-09,-23.22,95.37,25.4,52,988,116,Medium
2023-09-10,13.79,104.08,27.6,66,1002,149,Low
2023-09-11,-28.01,59.06,27.3,88,1005,25,Low
2023-09-12,-28.57,127.79,25.1,69,1007,108,Low
2023-09-13,-28.83,86.34,27.1,64,989,39,Low
2023-09-14,9.35,30.73,27.4,78,974,91,Medium
2023-09-15,8.52,108.66,30.8,92,1010,64,Low
2023-09-16,26.46,129.32,24.1,72,1015,12,Low
2023-09-17,-19.33,167.94,27.0,55,960,139,Medium
2023-09-18,22.71,77.05,31.1,90,976,93,High
2023-09-19,-8.21,86.95,26.8,85,963,112,Medium
2023-09-20,17.64,58.17,25.4,68,1011,23,Low
2023-09-21,7.91,84.75,30.5,79,1012,127,Low
2023-09-22,1.28,120.52,24.8,64,1001,42,Low
2023-09-23,-17.23,62.7,25.5,87,967,38,Low
2023-09-24,-16.81,158.08,28.9,76,1012,25,Low
2023-09-25,-3.15,142.27,25.9,54,998,90,Medium
2023-09-26,-3.98,47.79,30.5,82,989,150,High
2023-09-27,-11.51,112.36,26.0,71,999,107,Medium
2023-09-28,5.07,127.7,31.5,86,1002,98,Low
2023-09-29,-12.92,79.66,24.5,54,980,22,Low
2023-09-30,-25.53,131.65,31.9,66,1013,145,Low
2023-10-01,-12.19,118.26,28.2,53,962,63,Medium
2023-10-02,-21.32,120.4,31.1,62,989,122,Medium
2023-10-03,-2.33,164.24,30.5,99,1005,100,Low
2023-10-04,-9.86,96.59,30.6,100,959,134,High
2023-10-05,15.29,85.81,25.4,74,964,57,Medium
2023-10-06,-9.48,118.99,25.7,76,1008,81,Low
2023-10-07,-27.03,141.98,27.1,90,993,49,Medium
2023-10-08,25.02,46.2,26.9,83,971,126,Medium
2023-10-09,1.26,134.13,31.6,65,988,23,Low
2023-10-10,13.49,73.45,26.0,54,1000,68,Low
2023-10-11,29.27,137.78,30.2,51,1000,10,Low
2023-10-12,-20.49,70.62,27.3,90,1006,129,Low
2023-10-13,-14.98,176.85,26.1,58,978,143,Medium
2023-10-14,-13.4,64.44,25.3,89,976,60,Medium
2023-10-15,-29.97,48.67,24.5,91,1015,32,Low
2023-10-16,-11.74,94.17,26.7,72,988,12,Low
2023-10-17,-22.29,36.66,24.9,88,992,62,Medium
2023-10-18,11.49,172.06,26.6,70,997,132,Medium
2023-10-19,16.41,104.48,30.6,57,1002,86,Low
2023-10-20,-0.45,133.76,28.3,57,961,84,Medium
2023-10-21,26.98,51.18,28.8,67,962,121,Medium
2023-10-22,-6.31,105.17,27.5,96,1006,76,Low
2023-10-23,-12.71,174.82,30.8,91,970,37,Low
2023-10-24,16.36,68.31,31.8,82,985,66,Medium
2023-10-25,-9.8,163.5,30.7,88,990,19,Low
2023-10-26,9.5,69.65,29.7,99,961,95,High
2023-10-27,28.74,174.77,27.8,80,967,90,Medium
2023-10-28,-19.93,172.71,31.8,50,1015,13,Low
2023-10-29,-11.05,136.86,30.5,78,1000,102,Low
2023-10-30,24.14,130.63,29.4,78,955,52,Medium
2023-10-31,-1.98,167.44,29.5,60,985,118,Medium
2023-11-01,24.8,64.49,27.0,80,988,56,Medium
2023-11-02,-29.91,77.55,30.0,53,1006,55,Low
2023-11-03,1.09,117.74,27.4,94,965,113,Medium
2023-11-04,24.72,88.6,24.8,97,1002,116,Low
2023-11-05,-15.31,34.92,31.7,58,1003,68,Low
2023-11-06,10.19,50.57,28.4,80,967,51,Medium
2023-11-07,-23.3,92.41,27.8,51,970,149,Medium
2023-11-08,25.46,84.65,26.0,78,974,86,Medium
2023-11-09,2.61,173.17,24.2,54,1010,140,Low
2023-11-10,3.64,71.47,29.0,75,961,51,Medium
2023-11-11,-5.44,46.9,29.3,57,1004,79,Low
2023-11-12,12.99,113.91,28.5,73,1015,27,Low
2023-11-13,-7.09,108.39,28.1,75,994,58,Medium
2023-11-14,-17.23,45.44,28.3,86,986,70,Medium
2023-11-15,27.52,83.13,30.0,80,979,13,Low
2023-11-16,-18.77,62.59,27.0,72,955,132,Medium
2023-11-17,26.34,74.48,26.1,70,1002,73,Low
2023-11-18,-22.79,38.93,25.0,72,980,51,Medium
2023-11-19,-4.79,119.12,25.6,87,978,131,Medium
2023-11-20,-1.93,167.02,24.0,50,1010,93,Low
2023-11-21,-29.24,146.69,29.6,82,999,89,Medium
2023-11-22,16.79,159.19,26.3,85,1003,51,Low
2023-11-23,-16.9,145.82,27.5,71,952,62,Medium
2023-11-24,-29.74,65.25,30.8,62,956,121,Medium
2023-11-25,28.11,106.47,28.6,78,992,12,Low
2023-11-26,7.46,98.74,28.8,93,964,63,Medium
2023-11-27,-10.95,152.11,29.4,50,975,86,Medium
2023-11-28,10.43,114.71,26.1,99,973,76,Medium
2023-11-29,-29.49,81.58,24.9,92,987,83,Medium
2023-11-30,23.39,87.46,27.7,84,1014,107,Low
2023-12-01,3.38,65.89,31.6,80,998,69,Medium
2023-12-02,15.0,158.35,24.3,83,957,99,Medium
2023-12-03,21.19,117.62,27.5,90,961,27,Low
2023-12-04,-2.39,41.58,31.2,65,978,83,Medium
2023-12-05,-2.63,33.5,30.8,66,1010,47,Low
2023-12-06,-25.56,64.05,28.7,66,982,36,Low
2023-12-07,9.45,60.73,27.4,50,984,103,Medium
2023-12-08,12.37,47.28,30.4,94,997,26,Low
2023-12-09,-24.87,179.96,26.7,85,1013,50,Low
2023-12-10,22.55,71.86,30.1,67,976,100,Medium
2023-12-11,-5.8,32.71,25.4,57,1007,83,Low
2023-12-12,9.99,81.74,31.4,78,980,22,Low
2023-12-13,13.5,44.06,25.7,70,965,110,Medium
2023-12-14,-22.64,124.13,29.3,96,1011,90,Low
2023-12-15,-18.73,57.68,28.4,57,981,115,Medium
2023-12-16,9.54,118.37,24.2,68,1002,61,Low
2023-12-17,7.62,138.53,29.0,71,958,53,Medium
2023-12-18,19.89,118.43,28.6,66,975,144,Medium
2023-12-19,12.37,88.78,30.1,58,979,24,Low
2023-12-20,26.96,52.58,28.0,77,1010,55,Low
2023-12-21,-3.05,117.24,30.7,82,982,29,Low
2023-12-22,4.85,95.78,25.9,60,996,62,Medium
2023-12-23,-25.78,131.06,30.0,66,1009,103,Low
2023-12-24,21.4,61.39,30.3,100,982,79,Medium
2023-12-25,-22.88,149.72,26.0,59,954,102,Medium
2023-12-26,-24.9,152.29,30.4,98,967,85,High
2023-12-27,23.95,61.53,31.8,65,1014,35,Low
2023-12-28,0.21,107.08,27.4,86,957,114,Medium
2023-12-29,16.53,112.42,25.5,73,995,106,Medium
2023-12-30,-11.55,171.97,27.5,84,973,46,Medium
2023-12-31,-7.72,117.87,29.2,55,1010,104,Low
2024-01-01,-14.75,160.62,31.0,90,1006,43,Low
2024-01-02,-3.57,49.26,31.1,63,972,34,Low
2024-01-03,-0.87,173.3,31.0,91,994,113,Medium
2024-01-04,12.6,179.69,25.3,97,964,104,Medium
2024-01-05,-24.36,91.39,25.5,51,1005,105,Low
2024-01-06,-11.06,65.65,26.2,79,993,60,Medium
2024-01-07,24.9,166.99,31.0,76,983,81,High
2024-01-08,-18.9,77.06,27.2,68,957,41,Medium
2024-01-09,-18.28,105.48,27.3,67,1010,129,Low
2024-01-10,-12.34,44.46,27.5,77,999,61,Medium
2024-01-11,-1.85,134.02,26.1,98,966,29,Low
2024-01-12,18.57,113.97,30.7,81,958,55,Medium
2024-01-13,15.3,167.94,25.1,67,982,86,Medium
2024-01-14,0.08,143.09,24.2,74,966,26,Low
2024-01-15,-18.58,123.63,31.6,99,965,81,High
2024-01-16,-23.93,153.22,28.7,74,974,18,Low
2024-01-17,-9.47,113.98,29.9,96,981,65,Medium
2024-01-18,-12.46,165.53,25.7,91,973,12,Low
2024-01-19,-26.02,154.76,28.7,74,988,118,Medium
2024-01-20,-23.21,122.15,26.3,75,1004,137,Low
2024-01-21,-18.16,156.79,28.9,57,983,82,Medium
2024-01-22,11.03,110.91,26.2,90,965,57,Medium
2024-01-23,3.15,138.26,31.4,65,984,109,Medium
2024-01-24,23.54,123.26,24.0,86,960,137,Medium
2024-01-25,-11.91,103.58,30.3,55,954,132,Medium
2024-01-26,12.24,153.34,29.2,61,989,98,Medium
2024-01-27,8.42,151.56,30.6,81,1006,38,Low
2024-01-28,-5.74,142.86,28.2,85,951,124,High
2024-01-29,-27.89,77.45,30.2,71,1014,106,Low
2024-01-30,12.98,114.6,24.5,88,992,55,Medium
2024-01-31,-11.54,171.66,25.5,95,951,101,Medium
2024-02-01,8.53,82.31,27.1,55,1015,137,Low
2024-02-02,19.84,137.33,31.6,54,978,18,Low
2024-02-03,-27.61,99.58,24.7,73,984,101,Medium
2024-02-04,-3.81,55.14,28.8,57,957,129,Medium
2024-02-05,-17.72,114.71,31.0,78,1011,46,Low
2024-02-06,-20.39,87.99,24.1,72,985,74,Medium
2024-02-07,-25.76,98.57,29.9,94,1015,56,Low
2024-02-08,15.26,119.01,25.8,90,954,36,Low
2024-02-09,23.55,161.18,26.1,79,960,115,Medium
2024-02-10,3.97,165.93,28.0,80,982,111,Medium
2024-02-11,5.92,56.45,31.0,60,987,30,Low
2024-02-12,-2.39,41.75,30.6,95,968,116,High
2024-02-13,20.15,95.68,28.7,65,970,65,Medium
2024-02-14,-3.58,178.76,25.9,74,966,15,Low
2024-02-15,28.72,157.09,30.6,93,953,55,Medium
2024-02-16,18.49,57.82,30.7,87,961,92,High
2024-02-17,-27.93,146.74,25.6,67,973,124,Medium
2024-02-18,-2.16,88.06,27.5,54,984,129,Medium
2024-02-19,22.74,102.17,29.3,57,997,132,Medium
2024-02-20,-23.76,147.59,30.0,91,1015,117,Low
2024-02-21,29.73,58.25,31.6,73,996,131,Medium
2024-02-22,22.83,152.03,24.1,61,965,68,Medium
2024-02-23,10.86,140.9,31.0,59,952,72,Medium
2024-02-24,22.09,160.08,31.4,52,993,88,Medium
2024-02-25,-4.98,70.88,26.8,64,991,145,Medium
2024-02-26,-12.83,132.11,26.3,60,1008,79,Low
2024-02-27,-28.46,104.22,25.0,64,964,107,Medium
2024-02-28,10.52,82.18,24.6,90,1003,72,Low
2024-02-29,14.78,166.42,25.4,64,977,14,Low
2024-03-01,17.64,74.63,29.1,62,1002,70,Low
2024-03-02,-15.67,73.31,25.7,55,1007,83,Low
2024-03-03,-23.81,39.89,30.6,59,989,109,Medium
2024-03-04,12.97,86.03,31.3,60,979,18,Low
2024-03-05,-6.08,85.08,26.3,91,990,56,Medium
2024-03-06,12.04,105.12,30.5,93,1006,124,Low
2024-03-07,-25.45,165.28,29.3,64,983,39,Low
2024-03-08,7.96,151.71,31.8,63,965,132,Medium
2024-03-09,12.36,76.35,30.5,82,1000,58,Low
2024-03-10,-24.05,154.11,26.7,63,967,150,Medium
2024-03-11,-20.75,179.31,29.0,92,961,64,Medium
2024-03-12,-20.43,164.4,24.4,100,987,150,Medium
2024-03-13,-26.21,75.49,24.8,71,956,101,Medium
2024-03-14,17.87,153.11,26.3,86,982,95,Medium
2024-03-15,24.28,155.72,31.8,84,987,61,Medium
2024-03-16,-24.41,168.08,24.4,68,982,134,Medium
2024-03-17,10.04,47.67,26.8,72,1007,64,Low
2024-03-18,-29.18,153.18,31.2,72,971,73,Medium
2024-03-19,21.49,175.58,26.3,86,993,49,Medium
2024-03-20,-13.55,101.82,29.2,69,955,117,Medium
2024-03-21,20.12,93.53,27.8,90,986,132,Medium
2024-03-22,23.27,149.95,26.8,98,987,17,Low
2024-03-23,-19.57,106.01,27.5,72,965,36,Low
2024-03-24,-27.32,46.71,30.4,83,983,43,Medium
2024-03-25,-13.98,31.99,29.7,67,954,145,Medium
2024-03-26,1.11,150.63,25.3,63,992,17,Low
2024-03-27,-14.12,109.95,30.1,51,982,92,Medium
2024-03-28,7.98,60.05,24.7,61,954,104,Medium
2024-03-29,-29.86,35.78,27.1,71,973,15,Low
2024-03-30,-4.92,92.68,27.1,69,1012,13,Low
2024-03-31,8.65,162.06,29.6,59,954,52,Medium
2024-04-01,-4.19,129.14,31.8,87,988,29,Low
2024-04-02,-8.29,115.19,30.6,98,972,26,Low
2024-04-03,24.67,65.49,30.7,72,979,141,Medium
2024-04-04,-18.23,58.7,26.7,64,987,12,Low
2024-04-05,21.18,48.21,31.5,63,1014,144,Low
2024-04-06,16.37,64.31,26.6,97,963,103,Medium
2024-04-07,-29.15,59.05,25.0,100,1009,20,Low
2024-04-08,-13.36,46.46,29.7,91,991,70,Medium
2024-04-09,-9.78,110.82,26.3,93,964,13,Low
2024-04-10,-12.13,50.46,30.6,59,981,144,Medium
2024-04-11,-28.72,120.34,30.5,97,984,42,Medium
2024-04-12,3.88,142.83,26.2,92,1004,15,Low
2024-04-13,21.65,43.56,29.4,84,1009,133,Low
2024-04-14,17.32,72.26,27.2,50,978,58,Medium
2024-04-15,-5.14,91.59,28.4,56,971,64,Medium
2024-04-16,11.74,30.92,30.2,100,959,14,Low
2024-04-17,-6.07,92.44,31.9,81,987,19,Low
2024-04-18,14.46,138.85,25.0,74,966,138,Medium
2024-04-19,6.72,158.86,25.9,60,955,73,Medium
2024-04-20,-15.53,100.04,31.6,51,993,85,Medium
2024-04-21,0.5,131.12,28.4,56,982,23,Low
2024-04-22,10.95,93.61,24.1,51,971,149,Medium
2024-04-23,-4.05,51.56,30.2,60,1011,29,Low
2024-04-24,21.04,118.0,27.2,57,992,53,Medium
2024-04-25,-26.68,167.5,28.2,83,964,101,High
2024-04-26,-14.17,86.02,25.7,92,988,83,Medium
2024-04-27,2.16,149.81,27.7,72,983,66,Medium
2024-04-28,16.33,57.74,28.5,89,978,92,High
2024-04-29,-25.3,84.96,29.0,91,1004,122,Low
2024-04-30,17.95,45.35,27.4,78,979,92,Medium
2024-05-01,1.4,43.28,30.5,79,972,45,Medium
2024-05-02,11.76,164.8,25.4,78,954,34,Low
2024-05-03,-14.69,173.9,28.6,99,1003,102,Low
2024-05-04,14.46,58.57,30.8,56,957,71,Medium
2024-05-05,15.78,171.2,28.7,82,993,120,Medium
2024-05-06,21.47,137.52,25.3,75,982,120,Medium
2024-05-07,11.53,46.69,28.7,66,958,60,Medium
2024-05-08,-20.23,151.97,31.0,50,980,23,Low
2024-05-09,10.72,160.98,25.9,88,956,77,Medium
2024-05-10,-16.17,150.8,24.4,67,994,105,Medium
2024-05-11,13.13,174.98,28.1,50,967,40,Low
2024-05-12,-28.04,77.34,30.4,75,1006,132,Low
2024-05-13,-27.47,52.09,26.1,67,958,65,Medium
2024-05-14,12.25,36.55,26.7,84,961,98,Medium
2024-05-15,-28.25,34.9,29.8,54,991,94,Medium
2024-05-16,3.44,68.28,29.7,72,969,125,Medium
2024-05-17,-21.19,112.46,26.3,52,994,97,Medium
2024-05-18,2.28,116.55,28.2,87,986,88,High
2024-05-19,-15.49,83.65,27.5,59,951,20,Low
2024-05-20,-6.14,92.91,24.2,59,1008,20,Low
2024-05-21,-15.49,142.18,26.7,58,985,17,Low
2024-05-22,27.39,61.67,28.1,96,966,50,Medium
2024-05-23,-5.19,69.58,26.0,81,987,118,Medium
2024-05-24,-28.53,33.93,26.4,57,1001,141,Low
2024-05-25,-25.77,109.1,25.6,78,988,80,Medium
2024-05-26,24.74,164.84,24.8,77,973,135,Medium
2024-05-27,17.27,82.9,31.4,73,977,75,Medium
2024-05-28,28.39,164.11,27.4,57,950,55,Medium
2024-05-29,25.0,150.76,30.1,82,970,137,High
2024-05-30,-20.43,119.44,24.9,80,1010,47,Low
2024-05-31,-2.96,47.82,30.2,76,986,33,Low
2024-06-01,28.8,65.77,25.8,56,998,69,Medium
2024-06-02,19.36,32.01,28.9,92,996,85,Medium
2024-06-03,-1.29,160.45,32.0,52,981,85,Medium
2024-06-04,-8.64,142.2,26.9,87,994,10,Low
2024-06-05,-9.58,111.04,28.0,71,987,40,Low
2024-06-06,21.64,81.19,31.9,75,963,10,Low
2024-06-07,-15.57,147.47,29.4,89,957,72,Medium
2024-06-08,-1.18,168.49,25.2,53,997,136,Medium
2024-06-09,9.64,56.32,25.4,85,1006,21,Low
2024-06-10,-23.84,79.05,24.2,69,958,105,Medium
2024-06-11,-0.16,108.47,26.7,91,966,99,Medium
2024-06-12,-24.49,93.21,31.8,82,984,82,High
2024-06-13,22.96,170.48,26.5,78,1015,18,Low
2024-06-14,11.83,103.62,25.4,81,986,111,Medium
2024-06-15,0.01,41.52,29.3,59,998,85,Medium
2024-06-16,3.08,121.71,28.0,98,1002,66,Low
2024-06-17,4.2,149.16,24.2,97,1004,145,Low
2024-06-18,12.27,74.84,29.6,94,980,81,High
2024-06-19,29.08,139.2,29.8,67,961,51,Medium
2024-06-20,8.75,137.85,31.9,98,980,66,Medium
2024-06-21,1.9,40.97,28.7,57,956,49,Medium
2024-06-22,-13.67,108.86,30.0,61,994,92,Medium
2024-06-23,5.89,66.02,28.8,51,996,57,Medium
2024-06-24,19.91,101.89,24.3,89,964,128,Medium
2024-06-25,-6.1,83.8,30.0,82,962,41,Medium
2024-06-26,-19.83,92.9,26.6,70,993,119,Medium
2024-06-27,2.77,151.5,31.6,97,972,116,High
2024-06-28,-28.14,89.08,29.0,58,958,20,Low
2024-06-29,27.13,130.21,24.8,61,997,105,Medium
2024-06-30,-1.61,46.23,28.9,66,1002,40,Low
2024-07-01,8.9,94.45,29.0,57,1005,85,Low
2024-07-02,27.56,135.61,26.2,99,1007,80,Low
2024-07-03,23.2,115.49,30.7,89,954,98,High
2024-07-04,25.94,40.26,28.8,92,963,43,Medium
2024-07-05,10.86,126.14,29.7,86,973,149,High
2024-07-06,6.18,40.49,24.0,76,998,120,Medium
2024-07-07,11.71,107.01,24.1,97,1002,144,Low
2024-07-08,28.05,137.02,24.2,55,987,31,Low
2024-07-09,17.72,109.48,27.6,81,1011,50,Low
2024-07-10,5.69,151.09,30.1,50,997,134,Medium
2024-07-11,8.07,40.96,30.7,76,986,46,Medium
2024-07-12,24.26,41.24,27.6,87,1014,89,Low
2024-07-13,8.64,43.47,27.0,55,954,114,Medium
2024-07-14,11.47,31.57,30.6,75,1001,44,Low
2024-07-15,18.8,141.72,26.6,90,960,146,Medium
2024-07-16,22.39,103.27,31.9,86,999,36,Low
2024-07-17,-4.55,170.13,27.6,52,980,41,Medium
2024-07-18,-10.05,77.99,28.2,56,967,113,Medium
2024-07-19,-15.81,48.88,28.1,55,980,99,Medium
2024-07-20,13.6,103.67,29.8,55,966,79,Medium
2024-07-21,26.68,103.8,27.3,65,990,107,Medium
2024-07-22,14.69,71.74,30.0,69,980,35,Low
2024-07-23,-20.74,145.22,30.8,52,952,38,Low
2024-07-24,14.9,103.94,25.9,80,1003,20,Low
2024-07-25,-13.39,129.07,24.9,79,999,13,Low
2024-07-26,16.79,108.61,26.6,75,985,62,Medium
2024-07-27,0.39,111.88,25.0,78,1011,75,Low
2024-07-28,6.16,60.38,26.6,62,959,72,Medium
2024-07-29,25.31,156.04,25.2,65,959,117,Medium
2024-07-30,-3.7,133.36,26.6,84,980,149,Medium
2024-07-31,7.26,148.31,30.8,62,958,21,Low
2024-08-01,-4.93,124.01,25.6,65,952,40,Low
2024-08-02,16.69,70.74,25.6,84,971,117,Medium
2024-08-03,-25.02,166.27,27.9,74,955,67,Medium
2024-08-04,11.67,132.66,25.1,97,1008,62,Low
2024-08-05,3.87,38.39,26.7,77,986,18,Low
2024-08-06,6.08,114.73,28.4,90,990,62,Medium
2024-08-07,-9.72,144.96,27.7,58,994,27,Low
2024-08-08,-24.55,42.86,24.1,92,981,96,Medium
2024-08-09,28.47,140.84,29.2,72,1014,36,Low
2024-08-10,28.7,135.14,29.6,78,956,32,Low
2024-08-11,-2.54,46.77,30.1,64,955,53,Medium
2024-08-12,-5.04,72.13,24.9,95,986,95,Medium
2024-08-13,-0.31,147.49,27.1,78,954,71,Medium
2024-08-14,25.51,129.15,27.3,96,971,145,Medium
2024-08-15,-16.23,98.66,27.3,92,963,108,Medium
2024-08-16,3.89,67.67,25.9,84,980,16,Low
2024-08-17,1.71,36.38,27.1,67,1015,79,Low
2024-08-18,19.49,85.43,26.7,100,977,60,Medium
2024-08-19,-20.89,100.09,28.1,53,962,12,Low
2024-08-20,25.83,125.06,25.4,53,1004,60,Low
2024-08-21,-27.11,118.45,31.4,58,1008,123,Low
2024-08-22,2.4,113.34,26.9,100,1011,43,Low
2024-08-23,18.11,143.69,28.6,73,972,35,Low
2024-08-24,-22.98,125.06,27.7,50,992,138,Medium
2024-08-25,3.34,152.11,30.9,61,958,24,Low
2024-08-26,28.67,156.48,29.1,82,1007,119,Low
2024-08-27,22.84,116.55,27.1,53,1004,16,Low
2024-08-28,-12.89,100.75,27.5,59,950,115,Medium
2024-08-29,14.4,62.19,30.4,75,971,130,Medium
2024-08-30,-17.13,169.2,24.8,67,997,146,Medium
2024-08-31,-27.58,37.05,26.2,68,974,109,Medium
2024-09-01,17.65,58.19,24.7,73,1005,11,Low
2024-09-02,-16.61,129.0,29.8,89,989,122,High
2024-09-03,23.0,167.02,27.4,58,988,105,Medium
2024-09-04,15.55,143.11,28.9,81,972,61,Medium
2024-09-05,27.1,72.26,26.0,66,980,93,Medium
2024-09-06,-22.93,146.25,30.7,77,988,110,High
2024-09-07,17.02,138.17,28.3,75,959,114,Medium
2024-09-08,-23.17,98.84,27.1,55,978,46,Medium
2024-09-09,13.61,144.27,25.4,51,984,104,Medium
2024-09-10,-1.32,67.86,30.7,72,997,68,Medium
2024-09-11,-5.81,147.8,29.2,53,957,37,Low
2024-09-12,-3.46,94.0,26.4,58,952,123,Medium
2024-09-13,17.81,168.12,30.5,64,970,150,Medium
2024-09-14,-3.33,103.82,27.7,97,989,122,Medium
2024-09-15,-8.01,171.46,29.9,85,1013,104,Low
2024-09-16,-5.12,175.65,24.1,90,975,122,Medium
2024-09-17,24.82,159.38,31.0,88,980,65,Medium
2024-09-18,20.2,120.54,24.5,73,982,35,Low
2024-09-19,3.95,58.55,29.0,77,990,63,Medium
2024-09-20,-13.78,78.91,30.4,81,953,84,High
2024-09-21,18.31,142.36,27.5,69,981,56,Medium
2024-09-22,-28.28,50.9,26.5,54,979,84,Medium
2024-09-23,19.57,167.34,24.8,78,977,104,Medium
2024-09-24,25.18,68.03,27.0,87,1015,79,Low
2024-09-25,17.84,121.12,27.0,81,1012,110,Low
2024-09-26,4.57,89.73,25.8,79,984,43,Medium
2024-09-27,-13.39,43.94,26.4,84,951,130,Medium
2024-09-28,3.83,89.85,24.8,52,981,89,Medium
2024-09-29,-2.49,100.54,31.1,50,976,92,Medium
2024-09-30,-15.35,42.05,24.2,88,950,138,Medium
2024-10-01,7.39,135.62,24.5,93,970,81,Medium
2024-10-02,-20.53,172.78,29.1,60,955,102,Medium
2024-10-03,-20.05,52.33,26.6,89,1015,89,Low
2024-10-04,16.5,69.25,28.8,92,1003,76,Low
2024-10-05,15.82,35.23,27.9,72,1012,57,Low
2024-10-06,17.73,63.4,30.4,72,973,68,Medium
2024-10-07,-3.75,167.92,24.8,67,996,144,Medium
2024-10-08,-26.38,138.46,28.9,70,1013,104,Low
2024-10-09,5.37,159.84,31.6,53,998,12,Low
2024-10-10,-24.25,142.23,27.1,51,958,105,Medium
2024-10-11,1.55,120.53,28.3,79,1012,22,Low
2024-10-12,22.63,62.97,25.7,95,982,75,Medium
2024-10-13,-2.93,112.37,25.8,73,992,150,Medium
2024-10-14,1.35,94.03,28.6,55,1002,86,Low
2024-10-15,-10.45,102.49,30.3,90,1008,121,Low
2024-10-16,-11.02,91.12,24.9,67,997,20,Low
2024-10-17,-3.92,68.51,26.7,61,1012,113,Low
2024-10-18,10.44,51.1,27.9,96,993,55,Medium
2024-10-19,-17.33,120.14,30.6,96,1010,28,Low
2024-10-20,1.96,140.59,28.9,78,991,116,Medium
2024-10-21,17.86,119.48,31.9,86,985,19,Low
2024-10-22,-8.04,116.87,31.6,56,976,135,Medium
2024-10-23,-6.98,172.39,25.0,75,957,135,Medium
2024-10-24,-24.9,74.05,31.9,57,968,88,Medium
2024-10-25,-6.12,55.59,28.7,61,977,12,Low
2024-10-26,-12.49,51.29,28.8,68,995,116,Medium
2024-10-27,-2.7,170.37,29.1,86,955,71,Medium
2024-10-28,20.91,176.07,24.5,89,963,91,Medium
2024-10-29,26.01,153.13,25.3,69,964,72,Medium
2024-10-30,-10.37,133.67,29.4,63,987,13,Low
2024-10-31,-14.16,45.21,24.4,59,1014,24,Low
2024-11-01,9.36,156.25,26.6,83,967,102,Medium
2024-11-02,-15.62,55.79,31.9,78,977,62,Medium
2024-11-03,22.05,41.34,30.0,55,982,132,Medium
2024-11-04,19.8,144.95,26.1,96,957,22,Low
2024-11-05,12.85,41.84,28.8,70,973,61,Medium
2024-11-06,-18.69,143.02,26.7,57,955,99,Medium
2024-11-07,-0.83,157.34,25.9,97,992,52,Medium
2024-11-08,11.06,101.0,30.4,62,977,46,Medium
2024-11-09,21.51,146.65,28.1,70,988,70,Medium
2024-11-10,-24.3,119.99,24.9,80,1004,42,Low
2024-11-11,13.05,94.42,25.2,50,1001,103,Low
2024-11-12,29.15,139.23,31.4,99,995,63,Medium
2024-11-13,-28.51,121.72,32.0,55,999,146,Medium
2024-11-14,-12.26,52.17,27.6,50,980,47,Medium
2024-11-15,-16.06,142.17,24.3,66,950,136,Medium
2024-11-16,18.19,117.99,24.8,63,989,78,Medium
2024-11-17,-24.8,118.86,24.2,70,954,58,Medium
2024-11-18,21.69,63.49,27.7,52,1010,83,Low
2024-11-19,-24.95,123.27,31.2,75,1000,17,Low
2024-11-20,-21.01,135.17,31.9,94,951,113,High
2024-11-21,-4.55,81.12,26.4,76,961,56,Medium
2024-11-22,-17.96,36.4,25.1,79,964,73,Medium
2024-11-23,-21.13,138.56,29.1,90,1013,83,Low
2024-11-24,-1.26,101.78,28.8,70,968,87,Medium
2024-11-25,-13.28,39.53,31.3,62,989,144,Medium
2024-11-26,-9.19,58.49,30.2,72,970,93,Medium
2024-11-27,-9.06,109.81,25.6,64,951,52,Medium
2024-11-28,15.87,95.18,28.0,88,999,107,Medium
2024-11-29,23.75,55.55,29.0,77,952,122,High
2024-11-30,-21.8,65.18,27.8,74,969,61,Medium
2024-12-01,-24.78,64.02,28.6,88,964,23,Low
2024-12-02,-18.77,159.02,25.2,68,999,15,Low
2024-12-03,-10.19,150.63,27.2,63,967,74,Medium
2024-12-04,-25.87,116.31,26.3,100,950,115,Medium
2024-12-05,28.49,146.61,26.7,100,977,35,Low
2024-12-06,-24.26,152.92,25.2,68,995,73,Medium
2024-12-07,28.92,156.07,31.5,66,999,26,Low
2024-12-08,-2.3,39.12,24.1,50,966,57,Medium
2024-12-09,-20.42,107.49,30.9,54,982,106,Medium
2024-12-10,19.0,48.11,28.6,71,981,97,Medium
2024-12-11,5.46,80.32,30.7,77,991,119,Medium
2024-12-12,-27.43,37.04,26.2,51,989,89,Medium
2024-12-13,-21.36,158.02,31.2,77,957,145,High
2024-12-14,-7.13,47.0,26.7,56,1005,75,Low
2024-12-15,-16.56,138.65,26.3,66,970,10,Low
2024-12-16,3.36,49.03,31.7,80,970,130,High
2024-12-17,23.35,83.37,26.8,57,961,81,Medium
2024-12-18,-20.04,83.63,30.7,81,957,89,High
2024-12-19,-20.32,66.06,30.3,66,1005,45,Low
2024-12-20,18.66,171.11,31.5,50,1005,64,Low
2024-12-21,-9.91,55.82,31.0,54,1008,47,Low
2024-12-22,-4.2,109.09,28.6,93,1004,145,Low
2024-12-23,-26.25,81.85,26.8,54,951,99,Medium
2024-12-24,-20.21,119.88,26.2,96,962,77,Medium
2024-12-25,-18.47,32.16,29.8,75,1001,127,Low
2024-12-26,-14.58,110.19,31.7,62,1008,95,Low
2024-12-27,18.62,142.92,28.2,93,987,79,Medium
2024-12-28,-16.87,132.33,26.2,62,960,20,Low
2024-12-29,-10.92,81.31,25.6,92,985,57,Medium
2024-12-30,-3.79,178.4,30.8,59,1005,111,Low
2024-12-31,-5.66,167.77,25.2,86,995,58,Medium
2025-01-01,21.62,142.28,27.2,57,999,80,Medium
2025-01-02,25.55,109.29,31.9,51,1000,117,Low
2025-01-03,-13.76,108.35,25.1,60,982,69,Medium
2025-01-04,-20.87,85.59,28.1,54,986,15,Low
2025-01-05,-6.85,120.95,25.1,98,957,132,Medium
2025-01-06,-18.52,176.6,31.3,96,1015,89,Low
2025-01-07,-25.8,173.93,31.3,65,953,143,Medium
2025-01-08,-3.28,144.82,25.6,53,978,117,Medium
2025-01-09,15.25,124.62,25.8,73,972,91,Medium
2025-01-10,3.23,52.6,30.0,65,1007,81,Low
2025-01-11,24.01,33.96,25.0,71,988,33,Low
2025-01-12,-16.4,113.25,26.6,68,1010,20,Low
2025-01-13,-3.51,81.21,29.0,80,951,81,High
2025-01-14,-19.63,31.77,30.8,98,999,23,Low
2025-01-15,26.42,167.42,27.2,84,995,100,Medium
2025-01-16,13.98,175.16,26.3,63,1001,68,Low
2025-01-17,-29.58,138.87,31.8,73,1011,60,Low
2025-01-18,28.17,76.32,26.9,62,1007,48,Low
2025-01-19,28.32,118.29,24.3,85,1000,20,Low
2025-01-20,5.88,45.54,26.1,59,995,16,Low
2025-01-21,3.51,46.04,29.2,100,986,56,Medium
2025-01-22,-23.58,140.4,28.3,56,996,20,Low
2025-01-23,9.63,166.43,29.9,86,989,150,High
2025-01-24,16.31,35.7,29.8,65,992,42,Medium
2025-01-25,7.1,38.91,27.6,100,976,89,Medium
2025-01-26,25.0,37.81,27.4,75,959,41,Medium
2025-01-27,29.88,171.86,28.6,68,969,42,Medium
2025-01-28,16.32,98.4,26.1,88,999,80,Medium
2025-01-29,19.29,164.35,30.8,90,988,63,Medium
2025-01-30,-0.1,157.2,30.9,85,972,22,Low
2025-01-31,-2.78,36.13,27.3,78,951,129,Medium
2025-02-01,-3.71,57.7,29.7,61,966,124,Medium
2025-02-02,-3.03,57.07,30.0,95,955,109,High
2025-02-03,-14.59,31.06,28.9,54,975,136,Medium
2025-02-04,-13.52,101.7,31.8,57,972,25,Low
2025-02-05,11.98,88.13,30.8,79,991,82,Medium
2025-02-06,-2.46,172.27,31.3,81,991,88,Medium
2025-02-07,-17.29,129.64,28.3,86,997,16,Low
2025-02-08,-13.69,100.41,24.8,80,965,101,Medium
2025-02-09,-9.8,142.59,29.7,96,972,96,High
2025-02-10,19.04,45.34,25.7,55,993,135,Medium
2025-02-11,1.19,102.71,24.3,79,979,131,Medium
2025-02-12,-27.27,48.62,28.0,98,977,98,Medium
2025-02-13,-6.32,61.17,29.5,91,994,108,Medium
2025-02-14,25.95,161.3,26.5,74,999,134,Medium
2025-02-15,21.38,54.82,30.5,98,963,33,Low
2025-02-16,-7.55,64.43,28.9,77,958,147,High
2025-02-17,1.71,179.3,27.9,61,970,79,Medium
2025-02-18,-28.56,46.19,29.0,94,950,147,High
2025-02-19,17.34,124.41,29.4,62,950,20,Low
2025-02-20,28.38,82.66,30.9,95,954,117,High
2025-02-21,-28.93,122.88,31.1,84,989,144,High
2025-02-22,4.13,117.18,30.1,63,984,35,Low
2025-02-23,11.15,152.28,24.2,56,1011,75,Low
2025-02-24,-18.45,63.87,29.6,64,952,61,Medium
2025-02-25,-10.14,41.59,26.5,60,957,141,Medium
2025-02-26,12.55,51.18,31.5,56,986,76,Medium
2025-02-27,7.29,142.8,28.9,90,980,32,Low
2025-02-28,-20.18,67.34,24.9,87,1010,106,Low
2025-03-01,12.84,117.92,25.3,61,963,65,Medium
2025-03-02,7.77,107.2,29.8,60,975,52,Medium
2025-03-03,-19.5,168.08,26.5,67,982,17,Low
2025-03-04,-27.3,178.1,24.9,64,976,32,Low
2025-03-05,26.05,87.02,25.4,99,969,53,Medium
2025-03-06,-0.82,168.49,30.8,54,963,109,Medium
2025-03-07,-5.41,109.06,26.7,96,984,94,Medium
2025-03-08,28.59,174.73,26.6,87,985,95,Medium
2025-03-09,-6.71,58.85,27.0,93,956,37,Low
2025-03-10,-17.05,100.87,26.1,65,968,10,Low
2025-03-11,-12.27,134.37,28.2,66,1002,32,Low
2025-03-12,-8.01,54.22,29.1,64,1011,129,Low
2025-03-13,13.37,89.97,26.8,86,987,133,Medium
2025-03-14,19.17,141.45,24.4,52,959,101,Medium
2025-03-15,-20.35,97.04,30.3,73,959,25,Low
2025-03-16,11.85,165.78,31.9,75,962,134,Medium
2025-03-17,-8.88,166.84,31.3,68,983,44,Medium
2025-03-18,14.87,142.8,28.6,66,955,39,Low
2025-03-19,-28.24,136.7,30.0,79,1003,119,Low
2025-03-20,-7.07,53.92,26.6,50,954,96,Medium
2025-03-21,14.25,95.88,31.5,57,955,11,Low
2025-03-22,-21.88,66.1,26.3,95,961,34,Low
2025-03-23,0.71,60.47,27.2,87,1000,52,Low
2025-03-24,0.45,83.52,27.7,66,993,86,Medium
2025-03-25,9.8,101.82,27.0,97,979,133,Medium
2025-03-26,-17.26,167.48,31.5,87,997,104,Medium
2025-03-27,-12.52,37.13,28.8,75,1001,95,Low
2025-03-28,4.14,62.68,31.4,67,971,67,Medium
2025-03-29,9.19,88.58,27.9,57,951,116,Medium
2025-03-30,-15.39,73.2,30.8,91,978,120,High
2025-03-31,9.83,115.17,25.9,79,976,124,Medium
2025-04-01,-16.4,48.12,31.3,95,982,120,High
2025-04-02,28.76,87.08,27.5,59,955,49,Medium
2025-04-03,-17.63,60.25,28.7,96,980,86,High
2025-04-04,-13.29,137.26,26.2,50,950,91,Medium
2025-04-05,-20.42,174.7,25.3,51,985,11,Low
2025-04-06,14.51,119.22,27.7,72,959,38,Low
2025-04-07,-7.99,33.74,27.7,70,957,149,Medium
2025-04-08,-21.36,124.6,30.5,87,964,105,High
2025-04-09,-6.13,167.48,27.0,87,991,27,Low
2025-04-10,17.68,101.01,31.5,81,1011,20,Low
2025-04-11,22.43,119.17,26.2,58,999,149,Medium
2025-04-12,-23.63,148.18,24.9,93,987,72,Medium
2025-04-13,-10.6,64.92,29.2,92,951,65,Medium
2025-04-14,28.16,70.32,29.4,68,980,85,Medium
2025-04-15,28.14,154.61,29.9,65,971,113,Medium
2025-04-16,-16.12,179.71,24.9,67,986,15,Low
2025-04-17,-21.69,142.23,26.9,65,969,85,Medium
2025-04-18,27.63,54.83,28.8,64,954,79,Medium
2025-04-19,12.31,46.73,27.6,80,998,110,Medium
2025-04-20,19.38,43.16,29.3,69,1013,18,Low
2025-04-21,-3.47,94.59,27.3,50,1013,43,Low
2025-04-22,-24.11,68.5,24.1,84,998,37,Low
2025-04-23,-26.97,38.8,31.1,89,977,94,High
2025-04-24,-9.25,30.17,30.1,73,987,80,Medium
2025-04-25,21.15,130.25,29.9,94,1005,59,Low
2025-04-26,20.56,69.41,25.6,82,973,117,Medium
2025-04-27,17.1,156.73,24.6,91,973,106,Medium
2025-04-28,21.67,78.96,26.0,65,1001,101,Low
2025-04-29,-11.71,168.54,31.9,77,960,89,High
2025-04-30,4.62,41.32,25.1,82,975,51,Medium
2025-05-01,-18.49,63.95,31.7,66,974,137,Medium
2025-05-02,15.97,179.08,27.9,100,988,12,Low
2025-05-03,-27.12,57.89,31.2,84,988,22,Low
2025-05-04,-9.84,91.42,28.5,53,999,90,Medium
2025-05-05,-16.47,162.54,31.6,89,992,137,Medium
2025-05-06,-11.93,76.97,26.7,74,1014,86,Low
2025-05-07,26.43,165.25,31.1,75,1008,102,Low
2025-05-08,1.1,36.08,31.9,100,994,72,Medium
2025-05-09,-24.8,127.36,30.1,60,950,77,Medium
2025-05-10,16.31,153.4,26.7,51,983,119,Medium
2025-05-11,17.24,162.75,27.1,89,964,60,Medium
2025-05-12,-27.36,160.45,30.9,59,953,143,Medium
2025-05-13,-24.49,33.14,24.9,54,970,19,Low
2025-05-14,-12.9,81.54,25.7,70,966,12,Low
2025-05-15,-26.76,106.43,25.4,93,1014,73,Low
2025-05-16,8.05,166.51,28.8,59,967,100,Medium
2025-05-17,-2.57,75.56,30.4,53,957,37,Low
2025-05-18,-17.88,133.53,27.0,83,962,61,Medium
2025-05-19,-1.54,126.29,26.4,100,967,125,Medium
2025-05-20,-24.32,35.33,25.4,52,993,11,Low
2025-05-21,21.01,133.95,25.4,73,965,61,Medium
2025-05-22,0.29,165.47,30.5,71,959,45,Medium
2025-05-23,-4.3,169.69,28.3,60,965,81,Medium
2025-05-24,1.07,174.1,24.3,68,960,47,Medium
2025-05-25,-6.14,143.84,30.4,85,982,136,High
2025-05-26,-0.98,130.14,24.1,77,1013,29,Low
2025-05-27,17.3,59.62,24.1,92,990,99,Medium
2025-05-28,-23.7,173.83,25.4,97,984,124,Medium
2025-05-29,21.89,162.45,27.9,65,1014,95,Low
2025-05-30,29.28,103.97,25.0,85,1002,143,Low
2025-05-31,16.22,114.76,31.4,91,953,13,Low
2025-06-01,11.87,175.55,28.9,87,991,115,Medium
2025-06-02,11.11,88.28,31.6,93,1003,144,Low
2025-06-03,-6.0,61.38,27.2,70,1012,61,Low
2025-06-04,1.79,111.91,28.6,54,962,112,Medium
2025-06-05,-23.08,82.67,24.3,91,978,135,Medium
2025-06-06,-22.17,153.11,27.7,79,994,133,Medium
2025-06-07,-20.84,52.3,27.5,80,971,110,Medium
2025-06-08,4.91,127.99,31.8,82,1003,79,Low
2025-06-09,-13.07,126.28,26.7,94,973,77,Medium
2025-06-10,16.62,123.53,27.9,69,991,21,Low
2025-06-11,-5.74,74.61,28.3,76,1008,31,Low
2025-06-12,-26.28,101.14,25.0,51,990,122,Medium
2025-06-13,0.44,95.14,24.3,89,1005,123,Low
2025-06-14,13.9,39.14,24.4,70,985,27,Low
2025-06-15,29.61,142.08,26.7,90,965,134,Medium
2025-06-16,-12.06,80.86,27.5,85,980,116,Medium
2025-06-17,12.93,155.72,28.8,81,999,75,Medium
2025-06-18,7.6,153.85,28.0,70,962,88,Medium
2025-06-19,17.48,153.2,31.5,98,984,81,High
2025-06-20,2.63,121.86,31.9,73,1004,92,Low
2025-06-21,-23.17,105.51,24.6,85,951,76,Medium
2025-06-22,25.08,105.69,30.0,71,954,57,Medium
2025-06-23,18.76,32.96,30.1,63,1002,87,Low
2025-06-24,-28.53,32.54,28.0,89,992,38,Low
2025-06-25,-1.68,155.05,26.8,54,1014,43,Low
2025-06-26,-22.5,93.9,29.4,86,966,80,Medium
2025-06-27,2.35,113.53,25.0,88,972,78,Medium
2025-06-28,-25.64,52.77,29.0,97,961,106,High
2025-06-29,-22.42,175.28,28.0,77,992,16,Low
2025-06-30,11.06,91.02,27.6,58,991,119,Medium
2025-07-01,-19.01,155.61,28.3,55,997,36,Low
2025-07-02,-0.23,138.41,29.5,79,969,84,High
2025-07-03,-1.77,169.11,24.1,94,979,12,Low
2025-07-04,4.49,128.48,31.6,57,977,101,Medium
2025-07-05,2.54,51.58,25.2,88,1013,72,Low
2025-07-06,13.16,143.15,30.4,63,1001,136,Low
2025-07-07,-29.88,125.35,28.3,78,952,89,High
2025-07-08,-3.01,65.34,30.5,70,1006,35,Low
2025-07-09,-15.06,30.29,31.2,67,960,30,Low
2025-07-10,-24.13,85.67,26.2,62,1002,127,Low
2025-07-11,14.45,163.75,24.4,64,963,61,Medium
2025-07-12,-19.24,133.23,30.1,90,993,88,Medium
2025-07-13,25.93,158.56,31.6,56,964,145,Medium
2025-07-14,11.66,99.19,30.9,86,967,149,High
2025-07-15,-15.97,85.48,28.3,70,999,120,Medium
2025-07-16,-15.57,167.47,29.0,89,1015,72,Low
2025-07-17,16.5,91.93,28.6,52,990,111,Medium
2025-07-18,29.02,150.9,25.1,77,1000,114,Low
2025-07-19,15.27,45.92,29.6,58,952,147,Medium
2025-07-20,3.11,42.63,30.4,79,1005,23,Low
2025-07-21,5.35,173.31,31.9,50,995,51,Medium
2025-07-22,-28.17,41.18,28.3,80,1012,32,Low
2025-07-23,13.19,173.26,25.1,89,1012,80,Low
2025-07-24,-27.42,166.02,28.1,94,999,92,Medium
2025-07-25,-23.56,179.39,31.3,77,978,92,High
2025-07-26,24.61,177.66,30.4,87,980,39,Low
2025-07-27,8.03,60.93,29.1,63,975,34,Low
2025-07-28,18.36,135.34,27.1,64,997,121,Medium
2025-07-29,-26.61,100.49,27.3,90,974,135,Medium
2025-07-30,-20.77,111.99,28.7,95,971,120,High
2025-07-31,22.76,148.74,31.3,94,1006,117,Low
2025-08-01,-3.66,63.89,26.6,55,980,86,Medium
2025-08-02,-4.33,163.83,30.3,95,1002,115,Low
2025-08-03,-28.27,61.32,31.6,97,959,94,High
2025-08-04,-29.34,110.07,25.1,99,952,30,Low
2025-08-05,24.76,171.98,24.2,68,961,130,Medium
2025-08-06,12.97,116.16,26.7,91,974,132,Medium
2025-08-07,3.55,59.22,30.1,79,985,93,High
2025-08-08,0.41,40.65,24.1,69,962,72,Medium
2025-08-09,-3.38,90.32,26.0,87,988,104,Medium
2025-08-10,-4.05,176.71,31.7,68,997,85,Medium
2025-08-11,-10.1,77.51,29.7,53,967,56,Medium
2025-08-12,17.01,164.58,31.5,63,960,70,Medium
2025-08-13,-10.63,94.73,26.4,86,983,103,Medium
2025-08-14,-4.73,68.53,26.7,61,958,54,Medium
2025-08-15,5.14,140.08,29.5,73,993,44,Medium
2025-08-16,-11.45,45.19,24.0,87,985,37,Low
2025-08-17,5.9,60.55,28.5,62,962,116,Medium
2025-08-18,-17.16,42.96,29.3,59,974,129,Medium
2025-08-19,-25.5,139.14,29.0,100,1001,102,Low
2025-08-20,-12.98,178.67,27.0,96,994,82,Medium
2025-08-21,4.45,72.5,30.1,79,988,64,Medium
2025-08-22,29.6,173.14,31.9,76,991,148,Medium
2025-08-23,-7.13,90.63,26.9,63,951,62,Medium
2025-08-24,22.74,32.88,25.1,86,964,134,Medium
2025-08-25,-5.52,97.95,25.4,86,962,103,Medium
2025-08-26,-15.55,61.67,28.0,78,971,44,Medium
2025-08-27,-8.7,92.61,30.9,52,994,89,Medium
2025-08-28,15.69,74.23,28.5,99,982,101,High
2025-08-29,-28.41,178.78,26.6,100,993,130,Medium
2025-08-30,8.65,33.94,26.9,82,1007,130,Low
2025-08-31,-7.25,134.06,28.8,98,969,54,Medium
2025-09-01,-29.95,72.14,30.0,62,979,39,Low
2025-09-02,10.8,147.89,24.3,60,988,82,Medium
2025-09-03,7.81,96.42,30.4,59,969,56,Medium
2025-09-04,-10.87,91.51,27.8,94,964,41,Medium
2025-09-05,26.86,142.72,25.2,52,1005,61,Low
2025-09-06,-18.17,148.12,27.5,100,996,38,Low
2025-09-07,-25.75,92.27,30.9,77,1001,48,Low
2025-09-08,-17.21,119.68,29.0,59,959,59,Medium
2025-09-09,-22.91,138.59,30.8,73,999,67,Medium
2025-09-10,-0.42,148.08,27.2,81,978,41,Medium
2025-09-11,25.32,36.26,30.8,83,1000,64,Low
2025-09-12,29.06,38.07,31.4,88,952,70,Medium
2025-09-13,-23.39,55.33,31.6,61,988,101,Medium
2025-09-14,11.65,62.49,31.0,100,1007,149,Low
2025-09-15,-19.52,56.1,24.3,98,956,32,Low
2025-09-16,5.94,126.38,28.1,63,978,78,Medium
2025-09-17,26.68,122.92,28.8,59,1008,70,Low
2025-09-18,-28.68,119.85,28.8,81,1010,91,Low
2025-09-19,17.7,131.87,30.5,94,980,40,Low
2025-09-20,21.66,155.86,25.0,64,954,146,Medium
2025-09-21,1.61,63.28,26.2,75,958,119,Medium
2025-09-22,-28.68,126.57,25.0,63,953,86,Medium
2025-09-23,-20.51,45.69,28.1,57,962,24,Low
2025-09-24,16.89,165.37,29.9,96,978,103,High
2025-09-25,3.67,72.59,24.3,61,964,92,Medium
2025-09-26,18.13,38.8,27.9,61,976,27,Low
2025-09-27,-22.93,84.36,24.0,82,955,12,Low
2025-09-28,-3.3,158.59,25.4,56,950,89,Medium
2025-09-29,16.39,134.6,31.4,99,986,130,High
2025-09-30,23.61,124.77,30.2,89,980,29,Low
2025-10-01,4.72,161.81,28.1,75,1003,88,Low
2025-10-02,19.03,160.75,25.4,83,986,52,Medium
2025-10-03,24.09,137.59,27.0,81,983,29,Low
2025-10-04,1.1,166.8,27.4,75,950,41,Medium
2025-10-05,-11.08,156.96,31.4,100,971,67,Medium
2025-10-06,18.57,118.33,28.3,70,1006,143,Low
2025-10-07,22.36,129.35,28.2,61,999,34,Low
2025-10-08,-9.16,141.34,30.2,92,986,46,Medium
2025-10-09,14.35,144.78,24.9,79,1003,141,Low
2025-10-10,3.21,159.89,26.5,52,963,113,Medium
2025-10-11,26.63,134.05,30.0,71,993,90,Medium
2025-10-12,-29.56,80.09,24.4,93,985,59,Medium
2025-10-13,4.41,123.97,24.3,76,970,132,Medium
2025-10-14,29.03,154.01,25.0,93,968,73,Medium
2025-10-15,-8.67,64.96,29.6,63,953,111,Medium
2025-10-16,-5.8,141.37,24.8,88,990,136,Medium
2025-10-17,-0.8,107.92,29.1,73,982,99,Medium
2025-10-18,22.9,160.77,27.3,91,1012,149,Low
2025-10-19,-24.35,81.36,31.6,97,996,95,Medium
2025-10-20,-24.24,94.41,31.6,91,1011,47,Low
2025-10-21,8.9,130.33,31.6,91,979,102,High
2025-10-22,-21.89,179.7,31.3,64,1010,74,Low
2025-10-23,25.76,73.57,31.6,52,952,82,Medium
2025-10-24,21.65,45.97,24.9,74,952,65,Medium
2025-10-25,4.47,150.78,29.0,86,988,59,Medium
2025-10-26,-24.17,92.97,25.6,100,968,80,Medium
2025-10-27,-8.65,31.97,26.9,60,958,60,Medium
2025-10-28,-5.66,77.4,25.4,85,998,74,Medium
2025-10-29,-7.85,55.69,27.7,87,957,115,Medium
2025-10-30,0.5,41.77,28.9,60,973,114,Medium
2025-10-31,23.11,80.59,30.9,76,975,128,High
2025-11-01,19.55,164.54,27.4,50,950,74,Medium
2025-11-02,27.11,170.17,26.5,88,998,77,Medium
2025-11-03,14.98,105.49,28.7,71,981,27,Low
2025-11-04,22.2,49.04,28.5,80,972,129,High
2025-11-05,-4.78,123.49,24.7,54,1006,123,Low
2025-11-06,-12.4,157.27,24.4,74,1010,144,Low
2025-11-07,26.9,121.43,28.1,55,979,56,Medium
2025-11-08,7.19,161.49,25.8,77,1011,55,Low
2025-11-09,27.66,67.81,24.5,74,990,121,Medium
2025-11-10,7.95,131.54,27.0,75,1013,79,Low
2025-11-11,-26.85,76.5,27.4,98,1011,41,Low
2025-11-12,-1.08,126.02,27.3,90,1007,34,Low
2025-11-13,-14.4,61.77,25.6,66,950,146,Medium
2025-11-14,-24.71,150.65,25.9,98,951,27,Low
2025-11-15,23.67,85.12,28.4,86,1000,75,Low
2025-11-16,-27.51,101.6,29.6,74,1012,42,Low
2025-11-17,20.6,85.05,24.3,96,974,135,Medium
2025-11-18,21.23,161.86,25.7,94,954,101,Medium
2025-11-19,14.78,112.83,30.3,61,956,24,Low
2025-11-20,-11.81,90.25,26.4,69,1014,86,Low
2025-11-21,-26.32,152.03,25.8,50,974,18,Low
2025-11-22,-6.87,32.26,26.5,72,963,104,Medium
2025-11-23,27.72,65.08,30.5,81,952,111,High
2025-11-24,28.38,148.31,24.0,100,997,17,Low
2025-11-25,10.47,113.46,30.6,95,1005,20,Low
2025-11-26,1.96,155.34,24.4,68,1012,17,Low
2025-11-27,-15.75,92.9,29.8,51,956,45,Medium
2025-11-28,22.89,33.77,30.2,98,1009,15,Low
2025-11-29,0.49,128.17,29.5,80,990,130,Medium
2025-11-30,-0.52,61.86,25.8,66,992,57,Medium
2025-12-01,-24.92,45.74,29.2,96,952,20,Low
2025-12-02,-11.15,126.51,26.1,59,1010,105,Low
2025-12-03,13.06,151.84,25.3,93,1003,56,Low
2025-12-04,12.73,112.68,28.9,57,962,29,Low
2025-12-05,15.79,121.04,31.5,92,959,22,Low
2025-12-06,1.18,97.42,24.9,76,994,31,Low
2025-12-07,9.69,167.28,31.5,60,1001,71,Low
2025-12-08,28.62,172.64,29.7,52,989,94,Medium
2025-12-09,-10.32,122.24,25.4,99,995,133,Medium
2025-12-10,-26.53,133.11,25.0,100,1003,110,Low
2025-12-11,-15.14,42.32,30.0,86,1011,57,Low
2025-12-12,4.09,32.02,29.4,51,1006,20,Low
2025-12-13,9.13,42.4,30.9,51,956,39,Low
2025-12-14,13.48,172.39,27.2,92,993,85,Medium
2025-12-15,-18.0,137.89,26.3,58,951,105,Medium
2025-12-16,-8.73,152.14,24.5,100,986,58,Medium
2025-12-17,-16.36,122.36,27.3,77,997,109,Medium
2025-12-18,26.14,103.85,30.1,94,968,142,High
2025-12-19,-16.83,111.37,30.3,75,1004,110,Low
2025-12-20,0.67,43.82,28.3,50,1014,138,Low
2025-12-21,6.26,137.95,27.9,65,983,61,Medium
2025-12-22,17.63,44.64,24.8,58,977,59,Medium
2025-12-23,8.61,80.58,27.2,56,968,69,Medium
2025-12-24,7.52,113.61,30.0,66,961,46,Medium
2025-12-25,-2.13,161.26,29.3,66,981,58,Medium
2025-12-26,-26.94,144.9,25.1,96,955,73,Medium
2025-12-27,-2.43,137.17,29.1,75,992,134,Medium
2025-12-28,26.3,65.07,30.4,81,974,84,High
2025-12-29,-5.8,57.66,25.9,62,959,38,Low
2025-12-30,18.99,160.05,25.7,51,1000,147,Low
2025-12-31,-28.59,155.07,30.2,50,954,54,Medium
2026-01-01,-28.61,151.38,31.4,52,979,88,Medium
2026-01-02,8.84,34.36,26.6,96,972,142,Medium
2026-01-03,-20.46,87.44,28.4,68,988,12,Low
2026-01-04,-4.46,32.94,25.4,82,997,116,Medium
2026-01-05,-5.35,85.89,31.5,69,997,31,Low
2026-01-06,19.64,80.45,30.5,81,1010,87,Low
2026-01-07,12.5,65.91,30.2,86,962,79,Medium
2026-01-08,-21.12,71.97,28.2,82,977,10,Low
2026-01-09,28.31,85.13,25.8,65,962,100,Medium
2026-01-10,3.59,39.38,26.8,83,1003,68,Low
2026-01-11,-26.25,85.62,25.5,52,958,17,Low
2026-01-12,9.35,87.08,26.5,69,1009,45,Low
2026-01-13,-6.57,132.44,30.7,73,1013,46,Low
2026-01-14,22.53,52.07,30.1,57,1001,42,Low
2026-01-15,4.34,125.88,30.7,89,992,150,Medium
2026-01-16,23.53,119.89,28.8,61,986,51,Medium
2026-01-17,-7.79,92.52,25.6,76,998,82,Medium
2026-01-18,27.57,156.21,25.1,87,967,106,Medium
2026-01-19,5.54,165.51,28.3,88,1009,97,Low
2026-01-20,16.51,54.95,30.2,58,986,13,Low
2026-01-21,4.64,37.42,26.2,84,993,142,Medium
2026-01-22,-12.75,148.61,26.4,51,959,95,Medium
2026-01-23,-26.63,135.31,31.6,77,960,13,Low
2026-01-24,14.26,83.54,27.1,97,1007,132,Low
2026-01-25,-28.66,139.87,31.5,58,998,54,Medium
2026-01-26,7.98,87.95,28.0,52,957,72,Medium
2026-01-27,13.24,40.31,29.2,51,984,144,Medium
2026-01-28,-10.2,119.45,27.7,90,957,136,Medium
2026-01-29,-13.43,110.91,25.0,77,972,71,Medium
2026-01-30,-28.57,154.48,29.1,90,991,16,Low
2026-01-31,-21.42,33.33,31.7,65,989,92,Medium
2026-02-01,24.77,178.49,29.1,66,982,127,Medium
2026-02-02,17.49,38.27,24.4,72,982,13,Low
2026-02-03,8.28,52.36,29.0,50,968,49,Medium
2026-02-04,-19.54,135.64,29.0,67,999,58,Medium
2026-02-05,8.21,114.1,31.0,52,966,14,Low
2026-02-06,-22.69,121.26,30.0,78,966,88,High
2026-02-07,9.2,54.38,31.5,88,957,67,Medium
2026-02-08,-20.14,171.11,26.5,89,961,113,Medium
2026-02-09,-21.71,145.64,31.8,86,1011,106,Low
2026-02-10,24.73,141.51,28.4,92,965,65,Medium
2026-02-11,-11.94,57.29,24.4,84,1004,121,Low
2026-02-12,21.4,100.28,30.2,74,970,30,Low
2026-02-13,13.54,71.08,31.8,83,991,91,Medium
2026-02-14,-18.39,178.43,24.2,100,986,87,Medium
2026-02-15,19.24,111.91,25.4,92,962,122,Medium
2026-02-16,8.44,129.22,25.8,55,986,132,Medium
2026-02-17,-24.45,147.48,24.1,80,963,132,Medium
2026-02-18,-23.71,128.59,26.1,60,1009,122,Low
2026-02-19,-12.0,108.58,29.6,89,950,117,High
2026-02-20,-21.38,173.69,26.5,55,1015,25,Low
2026-02-21,-5.38,101.44,31.1,86,990,114,Medium
2026-02-22,20.96,143.26,27.7,71,980,93,Medium
2026-02-23,-1.14,68.63,24.1,99,963,48,Medium
2026-02-24,-10.63,51.0,30.3,59,984,129,Medium
2026-02-25,-13.68,72.07,29.1,56,1015,21,Low
2026-02-26,-28.6,175.49,28.6,52,970,136,Medium
2026-02-27,-20.09,119.51,25.6,54,968,86,Medium
2026-02-28,-4.79,62.48,24.8,86,965,112,Medium
2026-03-01,4.24,173.97,25.4,60,993,73,Medium
2026-03-02,13.76,119.12,26.6,91,1002,17,Low
2026-03-03,-20.7,113.15,31.1,74,997,97,Medium
2026-03-04,-7.68,154.68,25.2,54,992,132,Medium
2026-03-05,-12.06,139.55,29.1,55,986,57,Medium
2026-03-06,-19.6,146.28,27.0,55,969,10,Low
2026-03-07,-0.75,116.41,29.8,66,962,28,Low
2026-03-08,-15.71,96.91,29.9,100,971,93,High
2026-03-09,16.17,120.06,30.0,73,1000,125,Low
2026-03-10,21.24,36.47,29.7,96,969,128,High
2026-03-11,1.78,82.12,26.0,79,990,12,Low
2026-03-12,25.38,108.38,25.9,64,989,49,Medium
2026-03-13,-15.56,155.59,24.1,81,1002,87,Low
2026-03-14,27.28,144.59,26.3,90,956,129,Medium
2026-03-15,-14.13,47.42,29.9,54,976,147,Medium
2026-03-16,-14.37,109.04,28.2,63,958,130,Medium
2026-03-17,-15.33,36.01,31.8,78,974,33,Low
2026-03-18,16.39,72.67,27.6,57,995,57,Medium
2026-03-19,18.6,106.65,24.3,99,975,31,Low
2026-03-20,-27.36,104.46,26.2,79,995,99,Medium
2026-03-21,-27.26,156.86,31.6,50,966,41,Medium
2026-03-22,-19.03,76.14,25.4,99,960,37,Low
2026-03-23,7.21,65.17,30.9,51,1014,150,Low
2026-03-24,-14.86,94.0,27.9,97,1001,141,Low
2026-03-25,21.96,177.78,27.4,89,954,144,Medium
2026-03-26,-10.43,43.85,25.8,75,998,82,Medium
2026-03-27,-26.61,70.97,24.8,59,1002,69,Low
2026-03-28,28.35,95.3,30.8,61,974,13,Low
2026-03-29,3.82,125.88,30.3,95,972,120,High
2026-03-30,19.37,131.33,28.4,69,967,13,Low
2026-03-31,4.58,177.09,24.9,82,978,97,Medium
2026-04-01,-6.67,135.58,30.1,59,976,133,Medium
2026-04-02,16.82,41.75,26.7,68,986,64,Medium
2026-04-03,-23.6,160.65,30.2,74,974,104,Medium
2026-04-04,-25.27,54.1,29.0,52,987,142,Medium
2026-04-05,4.61,119.7,28.4,64,989,79,Medium
2026-04-06,-2.93,173.11,25.4,75,987,43,Medium
2026-04-07,-19.02,38.14,26.3,78,963,18,Low
2026-04-08,-12.45,122.37,25.5,76,961,90,Medium
2026-04-09,3.37,169.32,25.3,64,1007,111,Low
2026-04-10,-14.71,127.72,25.8,85,998,53,Medium
2026-04-11,11.25,142.61,24.6,54,1010,76,Low
2026-04-12,24.68,94.74,24.2,90,1012,107,Low
2026-04-13,-6.09,68.9,31.8,89,981,22,Low
2026-04-14,11.71,39.19,25.2,90,995,70,Medium
