time,latitude,longitude,depth_km,magnitude,fault_distance_km,seismic_frequency,micro_tremors,plate_movement_mm_per_year,risk_level
2023-01-01,6.31,139.93,43.5,3.5,7.8,12,1,6.0,Low
2023-01-02,-39.37,-131.44,68.3,3.4,189.1,20,0,24.5,Low
2023-01-03,-35.46,148.54,37.9,5.9,172.9,7,0,11.3,Medium
2023-01-04,-45.19,-129.62,62.6,5.6,73.6,9,0,17.2,Medium
2023-01-05,-41.01,166.27,22.0,2.6,5.8,16,1,11.9,Low
2023-01-06,49.05,82.82,78.9,7.1,83.3,17,0,5.3,Medium
2023-01-07,22.52,-119.61,89.2,6.8,12.4,12,1,8.6,High
2023-01-08,29.57,73.1,38.0,7.0,190.5,17,0,29.3,Medium
2023-01-09,51.92,-21.13,63.8,7.2,84.0,6,0,6.2,Medium
2023-01-10,-52.08,-104.68,59.3,5.0,147.0,19,1,7.1,Medium
2023-01-11,-52.58,72.76,28.1,4.3,199.7,19,0,11.1,Medium
2023-01-12,-10.14,-12.57,79.3,5.4,23.6,19,0,5.1,Medium
2023-01-13,42.37,5.61,39.5,3.7,189.8,10,0,10.5,Low
2023-01-14,-39.21,-54.24,15.8,6.6,198.7,18,0,11.2,Medium
2023-01-15,-34.39,-171.27,10.5,3.9,20.6,9,0,25.0,Low
2023-01-16,-47.02,-89.89,94.0,6.5,172.5,15,0,22.9,Medium
2023-01-17,45.25,-142.76,52.6,3.7,93.8,3,0,7.5,Low
2023-01-18,-17.51,-147.0,23.6,7.0,123.5,14,1,20.5,Medium
2023-01-19,4.35,108.0,13.2,4.2,180.9,17,1,4.3,Medium
2023-01-20,-19.28,170.84,32.0,3.7,26.4,12,1,25.0,Low
2023-01-21,-47.51,145.01,53.9,6.0,157.4,1,1,12.1,Medium
2023-01-22,-54.87,35.87,28.3,7.2,61.8,13,0,10.4,Medium
2023-01-23,5.64,97.89,30.1,6.2,39.8,12,0,20.8,High
2023-01-24,-40.18,-16.09,6.5,5.4,17.5,13,0,26.1,Medium
2023-01-25,-23.05,20.17,30.2,3.4,48.9,7,0,26.8,Low
2023-01-26,3.53,-24.92,25.9,4.0,191.4,10,0,21.3,Low
2023-01-27,-50.19,-104.3,24.7,5.0,102.9,6,0,28.5,Medium
2023-01-28,-52.85,132.07,70.2,2.8,60.0,10,1,9.2,Low
2023-01-29,28.4,-158.17,60.1,7.4,28.5,8,1,23.6,Medium
2023-01-30,-40.02,-80.57,48.5,6.6,26.0,2,1,18.8,Medium
2023-01-31,-16.62,-78.8,62.8,3.2,107.6,9,0,25.9,Low
2023-02-01,21.51,-49.44,51.2,3.1,131.8,5,1,28.4,Low
2023-02-02,-36.45,159.05,56.9,2.5,176.8,6,0,6.4,Low
2023-02-03,-17.73,-30.13,72.8,6.4,49.4,17,1,2.3,High
2023-02-04,20.99,-105.01,70.3,2.6,5.7,16,0,22.6,Low
2023-02-05,2.2,11.66,17.8,5.5,143.9,11,0,17.5,Medium
2023-02-06,19.14,117.47,68.2,2.8,161.9,8,1,4.4,Low
2023-02-07,7.91,89.96,43.4,7.1,163.8,18,1,23.0,Medium
2023-02-08,-17.24,9.71,55.2,5.5,73.3,15,1,19.3,Medium
2023-02-09,-56.98,14.11,78.4,3.5,24.2,2,1,13.2,Low
2023-02-10,-51.33,133.98,96.7,4.0,41.6,19,1,9.3,Low
2023-02-11,-0.65,-108.63,37.1,3.8,153.9,2,1,13.5,Low
2023-02-12,-7.16,76.77,50.2,4.9,10.6,17,0,9.6,Medium
2023-02-13,-9.62,-16.3,69.9,5.7,45.6,19,1,28.8,High
2023-02-14,-45.22,98.52,82.0,2.9,78.0,1,0,4.3,Low
2023-02-15,53.24,34.68,89.2,7.4,97.6,10,1,2.1,Medium
2023-02-16,28.51,171.79,38.7,7.3,166.2,20,0,28.7,Medium
2023-02-17,-55.58,173.4,50.8,5.0,171.2,8,1,21.6,Medium
2023-02-18,21.24,105.99,25.5,3.2,85.2,9,1,16.2,Low
2023-02-19,-9.74,-34.39,75.7,2.5,18.3,19,1,15.3,Low
2023-02-20,-7.34,-90.13,28.5,6.7,137.1,18,1,25.7,Medium
2023-02-21,41.61,143.19,60.9,7.3,49.3,6,0,23.7,Medium
2023-02-22,-22.83,65.73,51.2,4.7,37.3,6,0,8.4,Medium
2023-02-23,37.25,-57.41,99.7,5.1,15.1,3,1,2.9,Medium
2023-02-24,-42.17,-117.07,55.2,3.8,36.8,14,1,20.3,Low
2023-02-25,37.36,16.02,97.8,5.2,115.0,7,1,27.3,Medium
2023-02-26,1.16,-64.76,24.4,5.9,168.2,1,1,2.1,Medium
2023-02-27,-6.93,111.31,6.5,5.1,99.1,11,1,13.9,Medium
2023-02-28,-6.86,83.87,73.2,5.2,64.1,6,0,12.3,Medium
2023-03-01,-42.61,-24.58,82.2,6.0,176.5,19,0,13.8,Medium
2023-03-02,55.03,56.07,80.9,6.1,44.8,8,1,5.3,Medium
2023-03-03,1.85,79.14,81.1,6.8,60.3,13,1,26.7,Medium
2023-03-04,49.26,-55.8,18.5,7.3,187.6,13,1,25.1,Medium
2023-03-05,-35.6,102.6,44.5,5.1,176.1,9,1,15.3,Medium
2023-03-06,11.11,117.17,16.3,4.6,169.1,12,1,20.0,Medium
2023-03-07,-42.44,97.21,16.1,6.7,65.1,8,1,7.4,Medium
2023-03-08,-41.18,30.15,53.1,7.4,97.8,10,0,8.8,Medium
2023-03-09,4.76,118.37,79.2,7.3,22.0,5,1,21.0,Medium
2023-03-10,-15.45,-36.75,54.3,3.6,148.2,17,0,2.5,Low
2023-03-11,17.06,170.36,88.0,6.2,67.6,2,1,18.6,Medium
2023-03-12,-50.37,8.67,17.6,4.5,84.9,18,1,6.6,Medium
2023-03-13,-3.95,-115.06,34.8,5.0,86.5,16,0,7.7,Medium
2023-03-14,10.12,-45.37,81.6,7.0,104.4,12,1,4.6,Medium
2023-03-15,46.47,62.87,71.0,5.0,137.9,7,0,18.7,Medium
2023-03-16,56.93,109.06,25.0,6.5,75.8,15,0,20.1,Medium
2023-03-17,29.29,-116.51,82.6,6.3,175.7,8,1,22.4,Medium
2023-03-18,30.44,-84.87,35.5,6.9,193.8,1,1,2.8,Medium
2023-03-19,48.9,54.31,16.6,7.5,101.3,4,0,14.9,Medium
2023-03-20,26.26,81.78,90.5,4.6,81.9,12,0,22.6,Medium
2023-03-21,-7.33,159.31,88.8,6.2,150.9,4,1,10.1,Medium
2023-03-22,11.05,-21.32,14.5,6.2,188.0,20,0,11.8,Medium
2023-03-23,-37.59,-148.05,64.7,3.0,157.4,4,1,26.4,Low
2023-03-24,-51.85,117.8,6.6,4.3,188.9,17,1,9.8,Medium
2023-03-25,51.81,166.53,69.0,6.3,189.3,6,0,15.8,Medium
2023-03-26,39.59,80.67,54.4,2.9,27.7,20,1,7.6,Low
2023-03-27,-15.33,167.44,12.4,4.7,144.6,4,1,18.5,Medium
2023-03-28,-12.94,-66.47,52.5,4.3,101.5,12,0,18.2,Medium
2023-03-29,54.92,-87.81,34.8,7.5,38.5,9,0,9.9,Medium
2023-03-30,-19.59,-126.15,62.0,3.6,49.3,15,1,21.9,Low
2023-03-31,-12.21,-132.82,45.9,5.2,167.0,15,0,6.9,Medium
2023-04-01,31.74,25.13,48.5,3.9,22.6,13,1,4.8,Low
2023-04-02,13.75,-155.66,14.4,7.4,137.9,15,1,25.6,Medium
2023-04-03,-57.95,149.29,91.4,4.2,18.2,13,1,9.4,Medium
2023-04-04,-48.03,-22.95,54.5,6.5,196.0,5,1,19.2,Medium
2023-04-05,21.57,-122.19,21.4,5.8,50.8,16,1,28.9,Medium
2023-04-06,33.71,166.5,30.8,2.9,47.5,16,0,13.7,Low
2023-04-07,20.53,-50.39,10.6,4.5,68.9,16,1,8.4,Medium
2023-04-08,40.24,137.45,52.3,7.4,188.3,6,1,6.1,Medium
2023-04-09,-22.51,-82.23,96.9,3.7,163.4,3,0,12.8,Low
2023-04-10,23.7,75.59,57.4,3.2,183.7,9,1,3.7,Low
2023-04-11,23.28,25.51,34.6,3.4,154.7,14,1,5.9,Low
2023-04-12,-16.78,-31.17,12.3,3.3,157.2,19,1,18.2,Low
2023-04-13,-42.02,58.07,78.3,7.1,49.0,16,0,22.0,High
2023-04-14,55.93,100.35,41.2,4.2,193.6,8,1,14.6,Medium
2023-04-15,-50.8,57.4,11.7,4.9,113.2,12,0,24.6,Medium
2023-04-16,-26.27,-9.43,8.0,5.3,7.7,19,1,16.7,Medium
2023-04-17,-31.05,-163.61,25.3,6.4,198.1,12,0,20.4,Medium
2023-04-18,56.7,-28.74,26.3,5.7,92.3,15,0,16.8,Medium
2023-04-19,1.33,-1.15,64.5,2.9,18.8,4,0,28.9,Low
2023-04-20,-12.57,156.85,93.9,5.2,88.2,13,0,18.0,Medium
2023-04-21,-10.46,-148.63,94.2,4.2,167.9,20,0,14.8,Medium
2023-04-22,36.99,170.82,86.6,5.9,155.5,3,0,8.6,Medium
2023-04-23,-11.33,-127.84,45.7,3.1,184.5,2,1,29.1,Low
2023-04-24,-1.92,36.86,17.4,3.5,33.3,1,1,16.3,Low
2023-04-25,27.01,92.5,49.2,4.7,9.0,7,1,28.8,Medium
2023-04-26,-3.75,48.27,55.7,2.7,146.4,5,0,29.8,Low
2023-04-27,-42.65,42.3,88.5,3.7,70.4,13,1,5.9,Low
2023-04-28,-58.44,99.84,86.6,7.5,193.2,8,0,16.8,Medium
2023-04-29,-51.18,152.13,65.2,7.5,147.0,4,1,14.2,Medium
2023-04-30,43.38,-137.74,6.4,7.3,50.7,20,0,29.7,Medium
2023-05-01,-13.69,64.08,94.1,5.6,165.7,2,0,24.1,Medium
2023-05-02,23.25,136.54,68.4,4.0,94.1,19,1,27.1,Low
2023-05-03,13.2,168.1,14.3,3.5,189.5,4,1,28.1,Low
2023-05-04,-5.26,71.66,67.0,3.7,32.8,1,0,5.5,Low
2023-05-05,-24.54,-136.02,43.9,7.2,55.0,13,1,18.7,Medium
2023-05-06,41.49,-88.64,54.9,5.1,131.5,2,1,25.1,Medium
2023-05-07,-12.91,-79.5,73.5,6.8,29.6,8,0,26.3,Medium
2023-05-08,53.42,5.92,48.0,5.7,140.6,8,0,5.7,Medium
2023-05-09,-37.13,130.34,43.8,6.9,10.9,4,0,6.2,Medium
2023-05-10,29.48,-143.24,13.5,3.9,48.6,14,0,27.8,Low
2023-05-11,-26.11,-70.08,62.8,4.3,102.5,20,0,22.6,Medium
2023-05-12,52.55,-26.18,16.9,7.0,38.9,13,1,20.4,High
2023-05-13,6.61,-146.28,84.9,5.5,184.1,13,0,13.7,Medium
2023-05-14,22.23,39.6,92.6,4.1,153.4,18,0,10.4,Medium
2023-05-15,-11.94,3.7,9.5,5.3,198.7,13,1,2.2,Medium
2023-05-16,32.91,-0.05,35.6,4.5,122.4,20,0,15.5,Medium
2023-05-17,55.93,-92.62,98.5,2.9,92.6,4,0,16.2,Low
2023-05-18,56.78,-74.56,82.6,5.4,141.9,18,1,28.0,Medium
2023-05-19,-30.9,66.94,68.5,4.3,141.0,2,1,14.5,Medium
2023-05-20,56.78,127.75,54.4,4.7,138.0,3,0,19.9,Medium
2023-05-21,46.5,139.55,68.3,7.2,140.0,4,1,25.2,Medium
2023-05-22,34.33,82.57,89.4,4.2,42.4,8,1,8.3,Medium
2023-05-23,58.3,79.75,98.3,3.4,83.4,12,1,24.6,Low
2023-05-24,-14.76,89.37,63.1,3.7,45.8,14,1,18.1,Low
2023-05-25,-22.47,-167.18,47.7,3.0,147.7,19,1,26.6,Low
2023-05-26,44.82,163.18,40.5,6.0,95.2,14,1,20.7,Medium
2023-05-27,-43.31,7.41,10.8,5.9,70.6,13,1,24.0,Medium
2023-05-28,46.11,12.47,36.5,3.9,23.5,8,0,5.7,Low
2023-05-29,-32.14,-73.07,97.8,5.5,153.5,9,0,11.6,Medium
2023-05-30,38.34,167.72,32.0,7.4,62.9,17,0,16.1,Medium
2023-05-31,-49.19,-108.51,46.3,4.4,74.1,4,0,12.2,Medium
2023-06-01,-45.9,-30.89,23.5,3.9,29.9,16,0,18.7,Low
2023-06-02,-6.81,34.33,84.2,4.9,35.4,18,1,2.1,Medium
2023-06-03,-45.08,23.0,47.6,5.8,67.1,14,1,15.3,Medium
2023-06-04,-31.86,81.72,66.0,7.3,186.3,18,0,23.9,Medium
2023-06-05,-1.06,70.96,12.9,4.3,19.3,7,0,28.7,Medium
2023-06-06,-56.14,-179.8,14.2,3.4,14.2,17,0,18.2,Low
2023-06-07,-35.5,-120.36,8.5,3.2,122.2,17,1,11.1,Low
2023-06-08,-35.89,-82.02,53.2,2.8,23.1,2,1,10.5,Low
2023-06-09,17.54,117.91,89.3,5.9,153.0,15,1,10.6,Medium
2023-06-10,-55.22,-65.83,98.9,3.6,87.6,13,1,16.4,Low
2023-06-11,7.88,36.1,73.4,6.1,189.6,17,0,9.7,Medium
2023-06-12,-27.07,163.52,90.0,3.7,163.7,5,0,7.4,Low
2023-06-13,31.82,129.31,22.6,5.5,81.7,15,1,4.8,Medium
2023-06-14,37.39,117.32,73.7,4.1,74.1,4,0,19.5,Medium
2023-06-15,57.03,-156.93,87.2,5.4,189.8,4,1,6.3,Medium
2023-06-16,-52.17,-117.11,95.0,5.2,112.0,17,1,15.7,Medium
2023-06-17,57.0,143.92,86.8,6.5,164.9,15,1,17.5,Medium
2023-06-18,36.95,24.17,83.5,7.0,90.4,5,0,11.8,Medium
2023-06-19,53.92,125.4,92.7,3.5,61.3,11,0,11.9,Low
2023-06-20,-45.62,-58.77,45.3,3.1,11.9,17,1,7.8,Low
2023-06-21,-34.67,158.43,78.1,5.6,121.2,9,1,3.1,Medium
2023-06-22,-10.02,101.73,66.6,3.7,174.0,14,1,29.3,Low
2023-06-23,6.17,157.2,21.3,6.5,197.9,13,1,7.2,Medium
2023-06-24,4.23,-7.48,75.1,3.7,67.7,7,1,22.2,Low
2023-06-25,27.4,-38.4,42.1,6.7,177.5,10,0,18.0,Medium
2023-06-26,-7.72,16.22,84.9,2.5,21.5,8,1,17.6,Low
2023-06-27,39.64,174.16,40.4,4.2,172.7,1,0,28.2,Medium
2023-06-28,-8.05,-135.99,59.7,6.7,83.1,19,0,26.4,Medium
2023-06-29,-8.6,104.75,53.3,4.2,19.8,9,1,27.2,Medium
2023-06-30,50.11,14.55,41.1,3.7,106.2,1,0,17.8,Low
2023-07-01,-42.96,153.04,95.4,5.7,108.1,1,1,2.8,Medium
2023-07-02,3.21,-97.69,50.8,3.7,139.5,6,0,5.5,Low
2023-07-03,57.73,102.94,81.5,3.3,104.9,7,0,27.9,Low
2023-07-04,-35.67,123.35,25.9,6.2,30.5,3,1,12.1,Medium
2023-07-05,14.85,-133.17,38.5,2.6,185.9,8,1,26.2,Low
2023-07-06,-53.91,-5.57,73.8,6.0,52.5,18,1,13.1,Medium
2023-07-07,-14.35,163.19,20.3,6.6,100.7,17,1,28.9,Medium
2023-07-08,21.84,-31.51,58.4,4.4,173.9,11,1,8.4,Medium
2023-07-09,22.36,147.56,80.2,5.2,123.7,18,1,28.5,Medium
2023-07-10,11.08,65.93,67.0,5.0,151.8,10,0,26.3,Medium
2023-07-11,55.8,14.14,14.4,2.5,85.0,9,1,5.1,Low
2023-07-12,-6.82,-84.39,86.5,3.3,143.5,12,0,23.1,Low
2023-07-13,-38.13,-119.41,52.5,5.4,29.9,17,1,12.4,Medium
2023-07-14,-47.29,-17.34,28.5,5.3,42.2,20,1,27.2,Medium
2023-07-15,50.68,-137.58,51.6,6.1,64.4,3,0,6.7,Medium
2023-07-16,59.88,81.18,70.2,5.9,41.4,14,0,16.7,High
2023-07-17,20.43,144.74,48.4,4.4,173.8,5,0,10.3,Medium
2023-07-18,10.91,-126.59,11.7,6.7,26.6,20,0,10.8,High
2023-07-19,14.94,-45.13,87.1,5.3,93.7,17,0,9.2,Medium
2023-07-20,-4.54,-50.84,40.2,5.3,25.5,6,1,3.5,Medium
2023-07-21,37.45,-161.93,33.3,5.3,55.3,7,1,20.5,Medium
2023-07-22,29.2,-20.94,65.3,7.1,98.7,11,0,25.9,Medium
2023-07-23,47.97,-109.9,44.9,5.3,198.7,2,0,4.9,Medium
2023-07-24,-56.65,-40.54,37.8,3.8,158.9,11,0,28.7,Low
2023-07-25,-38.95,-88.07,19.7,6.8,173.0,1,0,26.1,Medium
2023-07-26,-35.47,-75.39,98.1,6.7,76.4,16,0,16.5,Medium
2023-07-27,36.41,155.55,10.9,2.9,180.1,5,0,13.1,Low
2023-07-28,0.58,-56.58,37.3,3.3,144.6,7,0,22.5,Low
2023-07-29,-40.29,-105.95,81.7,3.1,109.8,7,1,20.7,Low
2023-07-30,-48.61,109.29,78.3,6.8,46.3,18,1,14.9,High
2023-07-31,-41.07,67.01,56.3,4.6,147.8,7,0,29.4,Medium
2023-08-01,-21.5,144.18,45.5,4.2,25.1,5,1,26.8,Medium
2023-08-02,1.31,83.63,24.3,5.0,179.4,11,1,7.9,Medium
2023-08-03,-13.82,116.68,96.3,5.2,43.2,1,0,28.8,Medium
2023-08-04,-40.16,-109.81,97.6,4.3,13.3,12,1,4.4,Medium
2023-08-05,-0.67,140.57,36.2,7.1,15.9,15,0,24.7,High
2023-08-06,-45.54,-162.11,80.0,6.2,64.8,10,1,4.4,Medium
2023-08-07,6.67,33.69,85.5,5.1,89.8,3,0,29.0,Medium
2023-08-08,-17.99,-30.5,93.8,5.6,188.1,14,0,27.1,Medium
2023-08-09,0.0,-154.28,59.0,3.3,80.4,3,0,8.7,Low
2023-08-10,-35.49,-133.63,50.8,3.3,15.0,17,1,13.8,Low
2023-08-11,-7.37,160.17,36.5,4.0,154.5,20,0,20.0,Low
2023-08-12,58.77,47.18,85.3,5.7,135.7,2,0,21.1,Medium
2023-08-13,-39.63,131.42,86.0,6.3,102.6,4,0,6.7,Medium
2023-08-14,-27.7,172.14,51.4,6.4,64.6,14,0,14.5,Medium
2023-08-15,-37.44,147.04,48.1,4.7,167.2,5,1,23.7,Medium
2023-08-16,-50.7,-89.16,57.8,5.6,19.9,3,1,26.2,Medium
2023-08-17,-18.7,10.71,90.3,5.2,194.6,11,1,14.7,Medium
2023-08-18,-50.11,97.1,39.2,4.9,31.9,16,1,6.9,Medium
2023-08-19,-5.5,149.01,65.9,5.2,103.8,16,1,12.2,Medium
2023-08-20,30.88,161.3,12.2,6.0,105.3,19,1,8.6,Medium
2023-08-21,9.39,-101.27,81.1,2.7,92.6,15,1,12.1,Low
2023-08-22,44.41,-112.94,66.3,4.4,5.9,9,1,12.7,Medium
2023-08-23,-47.5,-78.18,15.1,5.6,184.1,5,0,23.7,Medium
2023-08-24,57.07,-32.15,41.3,2.8,94.5,18,1,25.9,Low
2023-08-25,-53.4,-151.91,67.8,5.1,115.8,4,1,6.6,Medium
2023-08-26,53.28,0.52,24.9,4.3,193.8,5,0,6.5,Medium
2023-08-27,-38.32,18.39,40.9,7.1,167.7,2,0,8.1,Medium
2023-08-28,10.98,-90.2,94.4,4.8,158.4,16,1,14.1,Medium
2023-08-29,-42.5,-19.76,40.6,4.3,198.3,11,0,14.1,Medium
2023-08-30,-32.53,-105.85,63.4,3.7,49.4,5,1,14.3,Low
2023-08-31,56.65,-166.61,32.8,2.7,192.2,3,1,7.5,Low
2023-09-01,0.62,-176.95,68.3,2.6,109.6,18,0,5.9,Low
2023-09-02,-55.86,165.91,79.1,6.4,103.5,9,1,5.6,Medium
2023-09-03,57.08,-42.96,48.4,6.7,88.9,5,1,12.1,Medium
2023-09-04,-10.7,0.28,29.2,3.9,82.3,1,0,5.0,Low
2023-09-05,4.28,158.26,43.9,3.4,173.8,15,1,22.3,Low
2023-09-06,-22.69,167.34,42.0,6.4,41.9,16,0,18.5,High
2023-09-07,-25.09,-119.65,84.4,7.2,78.0,19,1,18.3,Medium
2023-09-08,-18.27,-61.99,78.7,2.6,46.7,1,0,10.6,Low
2023-09-09,-26.05,-32.09,36.0,3.4,190.7,2,1,8.9,Low
2023-09-10,1.53,-96.67,7.0,6.6,88.8,20,0,23.6,Medium
2023-09-11,19.01,18.83,99.2,5.1,28.5,1,1,3.3,Medium
2023-09-12,13.65,133.53,85.3,3.8,186.4,1,1,21.8,Low
2023-09-13,14.0,2.89,41.0,3.7,173.1,9,0,28.2,Low
2023-09-14,38.8,29.98,20.2,7.4,15.3,16,0,26.8,High
2023-09-15,14.41,155.35,60.3,6.5,79.6,9,0,9.5,Medium
2023-09-16,-19.99,91.34,18.1,6.3,40.1,11,1,11.5,High
2023-09-17,-49.51,1.98,73.7,6.0,68.1,15,1,17.9,Medium
2023-09-18,21.64,150.35,70.4,6.4,135.1,5,0,5.0,Medium
2023-09-19,3.23,-49.8,47.9,4.1,166.9,15,1,14.7,Medium
2023-09-20,-34.2,-162.13,21.0,7.4,11.3,15,1,19.4,High
2023-09-21,56.66,103.17,26.3,3.6,112.5,16,1,18.7,Low
2023-09-22,31.23,-121.39,98.2,3.8,48.7,17,1,22.3,Low
2023-09-23,-53.45,95.96,66.9,7.3,54.5,13,0,25.6,Medium
2023-09-24,-59.42,-52.39,8.7,6.5,33.8,2,1,19.8,Medium
2023-09-25,56.42,-71.18,52.7,5.6,125.0,15,0,15.7,Medium
2023-09-26,1.46,-155.6,52.6,4.0,70.8,11,0,16.9,Low
2023-09-27,-1.88,-9.55,66.5,6.8,192.5,18,0,9.9,Medium
2023-09-28,-39.63,55.69,87.4,3.9,144.1,5,0,28.2,Low
2023-09-29,15.15,-148.97,21.4,4.6,10.5,11,0,4.1,Medium
2023-09-30,16.24,-37.73,21.1,3.5,56.2,2,0,29.3,Low
2023-10-01,-4.59,-53.74,6.1,5.5,24.7,20,1,28.0,Medium
2023-10-02,27.13,-162.3,50.9,6.9,40.0,5,0,3.7,Medium
2023-10-03,21.96,40.82,31.6,3.4,118.7,5,0,29.7,Low
2023-10-04,44.09,-131.68,72.1,4.2,10.6,9,1,8.0,Medium
2023-10-05,12.09,40.7,43.2,6.5,21.2,15,1,18.0,High
2023-10-06,-38.62,159.73,83.3,5.6,177.1,15,0,19.2,Medium
2023-10-07,15.92,-160.72,26.2,5.3,90.9,2,1,18.2,Medium
2023-10-08,-20.25,-39.98,74.2,3.1,124.1,11,1,3.9,Low
2023-10-09,-1.86,-50.1,61.9,4.5,190.7,5,1,15.8,Medium
2023-10-10,55.3,79.6,61.2,7.1,41.8,11,1,28.6,High
2023-10-11,-1.25,90.48,80.0,3.3,176.1,18,1,18.1,Low
2023-10-12,-40.05,95.18,83.8,6.1,178.5,6,1,15.5,Medium
2023-10-13,-42.92,170.78,10.0,3.0,17.2,16,0,10.9,Low
2023-10-14,-55.91,71.79,18.5,6.1,22.1,20,1,5.3,High
2023-10-15,16.72,-49.31,26.6,5.9,48.0,6,0,28.3,Medium
2023-10-16,35.0,-10.29,48.7,3.3,110.0,20,1,26.7,Low
2023-10-17,9.71,145.19,51.9,3.2,62.3,17,0,28.4,Low
2023-10-18,14.37,-143.09,58.5,7.5,105.3,8,1,16.2,Medium
2023-10-19,54.42,71.95,11.5,6.7,81.7,13,1,8.4,Medium
2023-10-20,-12.15,168.14,58.2,5.3,153.6,17,1,26.9,Medium
2023-10-21,44.14,-126.67,46.7,3.5,112.8,17,0,4.1,Low
2023-10-22,-1.56,176.38,92.0,5.1,121.6,20,1,29.3,Medium
2023-10-23,-54.22,-165.42,43.3,3.2,181.7,16,1,2.8,Low
2023-10-24,40.68,7.83,22.7,6.3,31.9,15,1,22.0,High
2023-10-25,11.53,85.4,63.8,6.6,136.5,11,0,16.8,Medium
2023-10-26,-50.88,79.96,44.9,5.1,113.4,2,0,6.6,Medium
2023-10-27,8.44,-39.23,15.9,3.5,181.3,10,1,25.2,Low
2023-10-28,-51.46,-113.84,95.7,7.4,35.6,17,0,22.6,High
2023-10-29,27.34,-161.83,65.6,4.6,85.1,6,0,29.3,Medium
2023-10-30,19.89,-12.98,69.6,3.8,70.7,13,1,20.7,Low
2023-10-31,-18.51,118.57,21.1,5.8,43.6,10,0,9.8,Medium
2023-11-01,-57.69,160.13,54.9,4.2,161.4,16,1,11.6,Medium
2023-11-02,-56.08,-100.68,88.4,5.5,137.4,5,1,11.2,Medium
2023-11-03,-17.66,130.99,92.9,5.4,134.9,18,1,23.8,Medium
2023-11-04,-6.48,-38.4,53.3,3.8,13.0,7,1,7.9,Low
2023-11-05,-31.84,-163.9,68.0,6.3,183.4,20,1,28.1,Medium
2023-11-06,-9.93,33.88,7.3,4.8,198.1,15,0,2.8,Medium
2023-11-07,22.03,-87.43,73.0,3.9,36.6,15,1,18.5,Low
2023-11-08,-2.05,122.38,72.4,4.2,31.6,15,0,4.0,Medium
2023-11-09,-27.22,78.52,86.7,7.2,5.4,16,0,17.5,High
2023-11-10,13.91,96.33,91.3,2.6,59.4,6,0,26.8,Low
2023-11-11,-3.27,108.96,92.1,3.5,64.5,2,1,28.6,Low
2023-11-12,-57.45,-136.22,76.4,4.4,55.4,8,1,5.5,Medium
2023-11-13,-44.63,-50.92,63.8,4.9,101.8,7,0,6.4,Medium
2023-11-14,49.29,-86.72,87.5,7.2,8.7,5,0,11.1,Medium
2023-11-15,-55.81,86.55,85.9,3.9,175.8,13,0,17.4,Low
2023-11-16,48.02,51.07,50.0,3.3,151.7,11,0,26.2,Low
2023-11-17,-27.13,129.64,89.9,6.9,194.8,3,1,29.8,Medium
2023-11-18,33.77,12.12,31.3,6.6,109.1,1,0,29.4,Medium
2023-11-19,36.18,112.03,87.9,6.6,15.7,1,0,13.9,Medium
2023-11-20,-12.88,-61.92,35.6,7.3,30.7,5,1,18.5,Medium
2023-11-21,-8.61,156.64,66.8,3.4,177.8,6,1,24.3,Low
2023-11-22,20.93,-12.36,6.2,3.5,79.1,7,1,16.0,Low
2023-11-23,21.45,102.73,34.4,7.5,103.4,1,0,18.0,Medium
2023-11-24,-25.04,123.67,12.4,2.5,87.3,12,0,19.1,Low
2023-11-25,-18.97,-76.52,62.4,5.6,65.9,20,0,18.4,Medium
2023-11-26,49.92,58.53,6.0,2.9,9.5,18,1,18.3,Low
2023-11-27,-51.19,-139.2,36.5,6.5,196.4,5,1,6.2,Medium
2023-11-28,-20.12,-92.75,13.4,3.5,123.4,9,1,13.3,Low
2023-11-29,22.32,141.81,56.2,4.6,107.1,15,0,22.2,Medium
2023-11-30,12.79,-94.42,9.4,3.7,186.5,19,1,17.8,Low
2023-12-01,4.28,-139.93,25.1,5.0,76.0,13,1,15.8,Medium
2023-12-02,-19.76,-106.41,49.9,4.0,158.1,12,0,24.1,Low
2023-12-03,42.81,21.71,75.3,2.8,68.7,19,1,3.0,Low
2023-12-04,-59.05,145.08,90.4,5.9,180.0,1,1,26.2,Medium
2023-12-05,-0.67,-19.71,21.0,4.0,182.2,10,1,22.9,Low
2023-12-06,-9.14,-96.56,7.4,3.2,93.1,9,1,9.2,Low
2023-12-07,13.77,18.03,52.7,3.8,197.4,18,1,29.1,Low
2023-12-08,-34.7,64.74,80.7,6.2,191.5,11,1,22.5,Medium
2023-12-09,-54.48,-5.39,33.0,7.0,95.5,16,0,15.2,Medium
2023-12-10,38.42,8.34,40.3,5.0,20.1,18,0,24.1,Medium
2023-12-11,9.61,164.21,36.4,4.5,186.9,7,0,23.3,Medium
2023-12-12,-26.78,6.18,13.3,3.5,5.4,10,0,12.9,Low
2023-12-13,35.34,117.1,58.3,3.3,150.5,6,1,24.9,Low
2023-12-14,48.09,-138.25,64.2,7.2,36.2,15,1,17.7,High
2023-12-15,-13.56,-41.37,95.4,7.0,105.7,19,0,10.0,Medium
2023-12-16,27.53,-48.34,74.9,3.6,197.7,19,0,6.1,Low
2023-12-17,18.18,95.71,46.2,3.5,170.3,19,0,10.1,Low
2023-12-18,-53.68,158.28,98.5,6.0,6.3,14,1,17.6,High
2023-12-19,-13.99,-164.46,32.6,5.3,170.1,18,1,7.4,Medium
2023-12-20,-13.92,-93.95,19.7,4.1,151.3,18,0,20.8,Medium
2023-12-21,-15.74,89.13,53.3,5.8,144.0,16,0,7.5,Medium
2023-12-22,-35.89,-104.32,21.7,5.5,55.6,9,0,19.2,Medium
2023-12-23,-57.69,108.1,9.5,5.5,194.0,16,0,15.1,Medium
2023-12-24,1.85,99.52,64.3,3.3,171.5,1,0,7.2,Low
2023-12-25,-22.48,86.12,68.4,4.8,137.3,4,0,24.9,Medium
2023-12-26,-7.75,-6.5,84.9,3.6,61.5,6,0,23.2,Low
2023-12-27,-19.32,86.85,91.4,4.0,183.4,14,1,27.9,Low
2023-12-28,47.72,18.96,80.5,6.1,172.7,4,1,7.7,Medium
2023-12-29,-4.58,-83.16,62.7,7.4,145.6,15,0,4.6,Medium
2023-12-30,31.99,-4.84,86.6,4.3,127.7,12,0,24.9,Medium
2023-12-31,-51.48,76.49,21.5,5.4,121.1,15,1,26.4,Medium
2024-01-01,47.31,-174.98,76.5,5.6,103.9,3,1,9.2,Medium
2024-01-02,-46.95,-103.45,70.3,3.1,136.0,13,0,29.1,Low
2024-01-03,-45.08,21.4,56.0,2.6,16.0,7,1,2.4,Low
2024-01-04,21.72,-15.84,35.4,6.6,173.0,1,0,17.3,Medium
2024-01-05,-38.06,41.75,57.8,7.1,69.1,10,0,20.7,Medium
2024-01-06,49.3,-179.64,33.4,6.8,34.5,19,0,20.9,High
2024-01-07,-35.44,85.22,88.7,5.4,114.5,15,1,28.3,Medium
2024-01-08,43.23,128.2,95.5,5.8,13.2,15,0,22.9,High
2024-01-09,9.61,-165.73,44.1,4.5,43.6,8,1,14.8,Medium
2024-01-10,26.97,-25.18,48.7,3.9,67.3,16,1,11.7,Low
2024-01-11,44.63,-96.81,40.9,5.6,111.9,15,1,11.1,Medium
2024-01-12,23.11,172.34,40.4,5.1,154.4,5,1,6.3,Medium
2024-01-13,58.04,3.15,43.2,3.8,15.6,11,0,24.1,Low
2024-01-14,-47.56,50.9,58.9,3.7,92.4,3,1,21.0,Low
2024-01-15,-12.98,93.7,67.2,2.5,71.9,5,0,19.6,Low
2024-01-16,22.87,-134.16,19.7,2.9,96.6,7,0,16.3,Low
2024-01-17,-35.51,38.46,76.8,6.4,147.4,19,1,2.4,Medium
2024-01-18,19.41,-17.76,68.9,4.5,53.0,5,0,24.6,Medium
2024-01-19,-53.59,-58.4,46.1,3.3,92.7,8,1,29.1,Low
2024-01-20,21.81,-18.09,40.4,4.7,53.4,20,1,22.5,Medium
2024-01-21,-22.51,35.75,18.3,4.7,174.5,18,1,10.8,Medium
2024-01-22,-15.94,35.31,98.0,3.7,112.2,14,0,19.3,Low
2024-01-23,18.16,89.11,73.5,5.8,119.5,4,0,14.2,Medium
2024-01-24,-5.99,-64.5,43.3,4.5,110.0,5,0,13.6,Medium
2024-01-25,-24.76,-117.29,76.8,6.6,69.9,13,1,9.6,Medium
2024-01-26,56.84,41.61,17.3,5.6,98.1,18,1,11.6,Medium
2024-01-27,-35.68,-163.99,61.0,7.2,8.3,9,0,22.9,Medium
2024-01-28,-30.59,20.28,46.5,3.2,190.6,12,0,12.9,Low
2024-01-29,-55.79,-78.26,24.2,6.7,26.2,20,0,20.3,High
2024-01-30,-47.26,48.22,42.3,5.0,132.5,2,0,21.3,Medium
2024-01-31,-25.59,74.16,48.2,3.8,57.6,12,1,15.5,Low
2024-02-01,37.5,165.94,25.8,4.9,117.2,11,1,8.0,Medium
2024-02-02,20.25,122.06,93.1,4.6,70.1,12,0,6.8,Medium
2024-02-03,-54.79,-130.37,17.0,2.6,159.5,3,0,22.3,Low
2024-02-04,39.89,-25.88,95.4,3.1,58.0,11,0,20.5,Low
2024-02-05,-41.2,-8.46,89.9,5.8,113.5,9,1,5.4,Medium
2024-02-06,-4.19,157.7,66.0,5.6,136.3,3,1,16.3,Medium
2024-02-07,-51.84,-68.15,14.0,3.3,162.4,14,1,22.2,Low
2024-02-08,47.61,50.29,17.0,6.3,151.8,2,1,9.7,Medium
2024-02-09,47.25,-27.7,12.7,6.8,167.6,11,0,26.2,Medium
2024-02-10,8.73,-44.5,73.1,6.8,113.9,1,1,28.2,Medium
2024-02-11,-4.21,-71.31,67.8,3.9,15.1,9,0,29.8,Low
2024-02-12,25.65,167.89,75.2,5.5,55.0,3,1,4.2,Medium
2024-02-13,-37.09,-87.71,76.1,4.5,82.7,9,0,20.2,Medium
2024-02-14,28.29,-46.94,76.0,2.6,14.1,16,1,7.8,Low
2024-02-15,39.35,151.43,12.3,5.8,136.7,20,0,22.1,Medium
2024-02-16,-11.43,155.87,96.8,3.4,191.4,8,0,13.9,Low
2024-02-17,43.32,-108.53,13.0,5.5,151.2,13,1,14.1,Medium
2024-02-18,-37.18,166.45,50.6,2.9,34.3,18,0,17.5,Low
2024-02-19,-43.52,62.9,13.5,4.5,83.0,8,0,6.9,Medium
2024-02-20,-38.8,103.33,68.8,5.0,108.8,6,0,23.4,Medium
2024-02-21,-49.98,-111.66,51.0,2.7,39.6,3,1,16.9,Low
2024-02-22,-40.48,86.8,96.9,6.1,30.8,2,1,26.8,Medium
2024-02-23,10.8,98.65,48.8,6.1,170.9,14,0,12.8,Medium
2024-02-24,19.67,63.7,75.2,7.4,103.2,11,0,6.2,Medium
2024-02-25,-31.79,38.75,76.5,4.7,120.8,17,0,21.3,Medium
2024-02-26,-40.49,-9.02,5.7,2.5,22.4,3,1,14.9,Low
2024-02-27,14.94,30.43,46.5,3.3,31.3,1,0,28.9,Low
2024-02-28,-6.41,-176.45,28.2,6.8,36.4,8,0,18.5,Medium
2024-02-29,-16.2,22.14,25.7,5.7,91.8,12,0,8.3,Medium
2024-03-01,35.61,-12.1,25.5,5.6,143.1,8,0,21.4,Medium
2024-03-02,7.89,21.13,43.2,5.1,133.3,6,1,27.1,Medium
2024-03-03,-45.05,11.38,5.6,6.6,82.4,1,1,4.2,Medium
2024-03-04,46.94,-159.73,74.8,4.9,148.0,20,1,28.8,Medium
2024-03-05,-55.62,-118.45,90.3,4.5,183.3,20,1,6.7,Medium
2024-03-06,44.07,-131.77,85.9,6.7,49.2,5,0,8.4,Medium
2024-03-07,-50.85,-52.79,85.9,4.6,104.5,4,1,15.6,Medium
2024-03-08,-44.11,168.21,83.2,5.0,64.7,19,0,29.6,Medium
2024-03-09,-53.96,10.14,51.6,7.1,91.4,15,1,12.0,Medium
2024-03-10,0.19,-111.68,42.6,4.0,16.0,2,1,28.2,Low
2024-03-11,52.68,6.86,90.4,3.5,112.4,7,1,24.1,Low
2024-03-12,-4.22,-99.26,10.2,6.1,54.7,17,1,20.7,Medium
2024-03-13,12.81,-149.94,73.9,2.8,181.5,3,0,26.5,Low
2024-03-14,-7.87,78.36,72.3,3.3,195.3,20,0,15.2,Low
2024-03-15,-56.23,-93.31,62.2,3.2,116.5,19,0,22.8,Low
2024-03-16,38.82,145.67,79.0,2.8,99.8,12,0,12.6,Low
2024-03-17,22.16,-62.54,58.9,3.7,79.5,18,0,17.7,Low
2024-03-18,-23.43,153.82,26.8,4.3,198.6,10,0,22.9,Medium
2024-03-19,24.43,138.91,20.2,2.7,194.9,18,0,22.7,Low
2024-03-20,7.9,81.09,91.8,3.5,153.8,11,0,10.7,Low
2024-03-21,-27.93,-45.2,67.0,6.3,112.0,1,0,21.9,Medium
2024-03-22,33.09,-60.73,10.3,4.1,174.0,8,1,19.4,Medium
2024-03-23,-19.45,-38.98,15.5,5.0,146.1,11,0,5.1,Medium
2024-03-24,14.31,-118.22,57.3,4.4,50.4,3,0,8.6,Medium
2024-03-25,11.16,150.15,34.8,3.7,9.9,5,1,24.2,Low
2024-03-26,-55.53,42.29,31.6,7.3,189.1,20,1,29.3,Medium
2024-03-27,14.16,-142.33,36.1,7.5,96.8,11,0,19.9,Medium
2024-03-28,22.6,-178.05,9.0,6.9,135.1,9,0,24.1,Medium
2024-03-29,31.68,72.29,13.6,6.2,188.0,3,1,6.4,Medium
2024-03-30,27.5,67.18,14.0,6.1,15.0,3,1,12.8,Medium
2024-03-31,-14.92,-12.29,98.6,5.8,33.2,12,1,4.3,High
2024-04-01,-29.55,9.57,67.2,4.2,184.2,18,1,17.0,Medium
2024-04-02,51.21,54.65,57.0,2.7,163.0,18,1,18.1,Low
2024-04-03,50.18,-105.15,36.7,6.7,11.9,7,1,20.9,Medium
2024-04-04,30.27,43.34,6.7,4.0,185.6,17,0,20.7,Low
2024-04-05,13.8,51.55,5.6,6.5,130.0,18,1,7.0,Medium
2024-04-06,-42.65,-100.25,91.8,2.8,181.7,15,1,6.4,Low
2024-04-07,38.06,136.22,18.4,6.6,66.4,7,1,8.7,Medium
2024-04-08,46.59,-145.0,95.5,2.7,156.0,14,1,14.5,Low
2024-04-09,31.2,98.75,55.7,5.1,148.9,1,1,29.0,Medium
2024-04-10,-25.34,128.8,21.1,3.0,121.4,12,1,18.9,Low
2024-04-11,-39.44,105.53,68.1,5.9,26.5,15,0,16.9,High
2024-04-12,-10.08,-144.97,18.5,4.9,63.3,2,0,5.0,Medium
2024-04-13,9.13,27.96,12.3,4.0,122.1,13,0,18.6,Low
2024-04-14,46.51,-60.1,86.1,7.1,192.2,1,0,14.8,Medium
2024-04-15,-20.67,30.92,32.1,7.2,134.2,5,1,6.3,Medium
2024-04-16,-10.46,-76.76,91.7,7.4,42.3,17,0,23.1,High
2024-04-17,17.81,-13.2,47.7,6.9,59.2,6,1,30.0,Medium
2024-04-18,43.26,-8.28,32.6,7.2,19.4,4,0,22.8,Medium
2024-04-19,-47.13,-77.96,28.4,4.3,107.2,9,1,16.1,Medium
2024-04-20,22.69,69.29,32.9,5.1,100.4,16,1,25.0,Medium
2024-04-21,55.69,83.42,75.9,5.2,18.6,19,1,25.9,Medium
2024-04-22,3.13,87.61,87.2,3.4,63.0,15,1,4.7,Low
2024-04-23,14.02,-95.64,62.9,3.1,129.9,2,0,16.9,Low
2024-04-24,22.42,-163.95,22.9,6.4,56.6,11,0,21.7,Medium
2024-04-25,-7.45,39.29,89.8,5.5,85.1,13,1,27.2,Medium
2024-04-26,31.72,-147.45,57.1,3.6,61.0,18,1,10.2,Low
2024-04-27,5.61,-21.33,55.3,4.1,103.6,18,1,22.2,Medium
2024-04-28,39.56,-116.32,12.9,7.4,124.4,16,0,23.5,Medium
2024-04-29,-42.26,24.52,13.6,7.4,68.1,12,1,25.5,Medium
2024-04-30,-22.76,-17.7,16.6,6.6,142.8,19,0,18.2,Medium
2024-05-01,-54.64,-5.13,79.1,3.8,130.3,6,1,21.9,Low
2024-05-02,-22.41,19.03,30.2,4.7,40.3,6,1,25.1,Medium
2024-05-03,-5.43,54.46,16.6,6.3,110.6,18,0,26.7,Medium
2024-05-04,11.71,-174.34,10.9,3.0,112.2,13,0,16.2,Low
2024-05-05,3.99,135.83,59.6,7.1,85.4,19,1,9.1,Medium
2024-05-06,58.77,145.24,32.6,4.0,73.9,20,0,5.2,Low
2024-05-07,44.28,124.45,71.8,4.5,185.2,14,0,15.6,Medium
2024-05-08,2.97,-154.59,81.3,5.6,125.0,8,0,11.0,Medium
2024-05-09,33.85,-54.92,48.8,5.8,25.7,8,1,13.0,Medium
2024-05-10,-10.18,-91.01,11.9,5.8,154.5,9,1,15.2,Medium
2024-05-11,2.56,30.29,6.1,4.3,36.9,18,0,18.0,Medium
2024-05-12,19.94,-80.03,10.2,2.6,113.3,12,0,22.2,Low
2024-05-13,9.14,166.77,68.0,3.5,82.3,10,1,8.7,Low
2024-05-14,50.05,65.65,12.5,2.9,85.1,8,0,15.0,Low
2024-05-15,53.65,-120.93,67.4,6.5,181.4,7,0,24.6,Medium
2024-05-16,5.27,-26.2,10.0,6.0,152.3,10,0,24.8,Medium
2024-05-17,-32.3,-10.1,98.9,3.4,184.3,2,0,5.6,Low
2024-05-18,59.13,175.18,50.5,3.8,181.5,16,1,13.1,Low
2024-05-19,37.65,35.98,11.7,5.3,20.3,8,0,8.8,Medium
2024-05-20,28.51,-26.58,96.1,6.8,43.0,10,0,16.4,Medium
2024-05-21,-50.57,11.99,11.2,3.2,119.2,10,0,6.6,Low
2024-05-22,49.59,-128.01,9.7,3.4,177.2,15,0,10.4,Low
2024-05-23,4.99,86.12,42.2,4.1,177.6,1,1,13.4,Medium
2024-05-24,-9.19,27.24,50.6,7.1,7.6,8,1,26.4,Medium
2024-05-25,-32.84,-136.35,72.6,4.4,129.5,4,0,4.0,Medium
2024-05-26,-16.1,131.57,55.7,5.8,188.1,15,0,29.0,Medium
2024-05-27,-17.31,-11.52,48.8,6.8,125.8,1,0,10.0,Medium
2024-05-28,-21.03,76.94,48.7,4.0,62.8,10,0,22.9,Low
2024-05-29,11.35,-74.63,87.9,7.1,172.7,9,0,16.0,Medium
2024-05-30,-8.69,145.7,56.1,7.4,146.3,9,1,20.6,Medium
2024-05-31,-38.46,50.42,87.7,4.4,186.8,15,1,26.8,Medium
2024-06-01,-40.21,140.28,64.4,6.5,119.9,1,1,4.3,Medium
2024-06-02,54.68,138.62,11.4,4.0,30.2,9,1,16.0,Low
2024-06-03,2.45,-149.83,71.5,6.9,76.1,1,0,9.2,Medium
2024-06-04,38.61,-60.99,82.8,6.3,192.8,2,1,29.6,Medium
2024-06-05,58.76,47.47,40.4,5.2,41.9,17,1,19.4,Medium
2024-06-06,-12.48,53.12,6.0,6.3,24.4,15,1,8.7,High
2024-06-07,35.68,149.78,77.0,5.4,31.3,4,1,10.0,Medium
2024-06-08,8.43,138.21,27.6,4.6,92.6,11,1,20.1,Medium
2024-06-09,41.25,144.4,42.1,6.4,89.2,14,0,2.9,Medium
2024-06-10,-54.32,173.23,48.3,3.6,163.1,13,0,20.6,Low
2024-06-11,-42.4,171.82,34.3,3.4,99.4,3,0,29.0,Low
2024-06-12,-27.71,174.35,21.7,3.7,96.1,10,0,9.0,Low
2024-06-13,56.87,27.32,11.4,4.3,148.4,9,1,19.6,Medium
2024-06-14,52.56,-36.07,84.5,4.0,32.7,2,1,27.6,Low
2024-06-15,54.15,-167.6,56.6,3.4,16.8,8,0,16.5,Low
2024-06-16,10.83,-134.29,98.7,5.7,166.3,19,1,18.0,Medium
2024-06-17,-36.83,-39.84,96.8,5.8,180.1,9,1,5.5,Medium
2024-06-18,-21.87,-95.99,82.7,6.6,183.1,2,1,25.3,Medium
2024-06-19,30.05,-84.32,73.5,4.1,60.4,4,0,29.7,Medium
2024-06-20,-9.25,79.1,60.6,7.2,135.4,12,0,13.7,Medium
2024-06-21,-56.85,-153.89,26.1,6.4,57.6,1,0,7.0,Medium
2024-06-22,14.71,-67.77,72.6,6.4,160.6,9,0,13.4,Medium
2024-06-23,2.66,-68.8,72.0,4.7,70.2,11,1,19.8,Medium
2024-06-24,47.09,-34.6,5.9,5.9,146.9,15,1,15.5,Medium
2024-06-25,44.22,13.09,85.1,4.1,40.1,8,0,2.9,Medium
2024-06-26,42.43,-107.24,15.1,2.8,48.4,2,0,24.7,Low
2024-06-27,14.54,88.3,66.4,4.4,156.2,19,0,8.0,Medium
2024-06-28,-45.93,-4.68,18.3,7.4,129.4,11,1,20.5,Medium
2024-06-29,-19.91,-4.17,10.2,6.5,53.9,1,1,14.4,Medium
2024-06-30,-8.61,-21.25,45.5,5.8,148.9,7,0,4.0,Medium
2024-07-01,-47.0,-20.4,22.2,5.4,194.5,17,0,6.8,Medium
2024-07-02,24.42,-152.85,31.2,3.8,136.3,10,1,6.3,Low
2024-07-03,-57.89,93.69,7.8,3.7,168.1,5,0,11.6,Low
2024-07-04,46.41,106.57,69.0,3.5,14.5,18,1,10.3,Low
2024-07-05,48.65,124.92,7.3,3.8,79.4,7,1,26.4,Low
2024-07-06,-40.1,-135.43,72.7,5.0,192.2,19,0,4.0,Medium
2024-07-07,25.81,-173.89,61.4,6.2,134.6,20,1,17.4,Medium
2024-07-08,-8.73,42.81,78.8,5.4,116.2,12,0,25.2,Medium
2024-07-09,-19.58,-175.69,37.3,3.7,157.3,8,0,8.8,Low
2024-07-10,-35.85,-71.44,21.2,5.0,127.4,6,0,8.0,Medium
2024-07-11,-8.6,-136.16,51.6,4.3,83.6,12,1,26.4,Medium
2024-07-12,-30.41,-157.47,21.8,2.7,107.7,12,1,26.7,Low
2024-07-13,34.39,51.59,35.7,4.5,146.4,17,1,8.9,Medium
2024-07-14,-8.59,83.98,34.5,4.2,69.0,1,1,13.4,Medium
2024-07-15,-32.49,-67.97,11.5,4.6,172.9,12,1,2.8,Medium
2024-07-16,9.98,-95.42,13.6,7.1,179.5,18,0,29.1,Medium
2024-07-17,-16.99,-143.47,49.8,6.5,121.0,20,0,11.6,Medium
2024-07-18,55.08,41.92,83.3,4.6,124.9,2,1,19.4,Medium
2024-07-19,-10.38,-36.22,21.2,6.5,196.3,16,1,22.4,Medium
2024-07-20,-24.72,130.23,82.3,2.6,138.1,7,0,17.3,Low
2024-07-21,21.45,-89.43,62.8,4.2,186.3,4,1,8.8,Medium
2024-07-22,-6.29,-126.93,33.2,6.6,10.8,19,0,24.5,High
2024-07-23,59.45,-54.63,35.7,6.5,157.0,11,0,27.3,Medium
2024-07-24,-40.2,-178.12,8.6,4.3,177.1,16,0,22.9,Medium
2024-07-25,4.74,179.25,45.0,7.4,135.3,8,0,23.0,Medium
2024-07-26,24.56,-170.07,98.4,3.1,196.9,7,0,16.5,Low
2024-07-27,13.99,66.39,86.2,7.0,124.0,3,0,3.8,Medium
2024-07-28,3.89,-16.61,40.4,5.6,8.8,13,0,21.1,High
2024-07-29,42.48,172.17,56.8,6.2,73.2,5,0,9.8,Medium
2024-07-30,-59.14,88.11,80.4,4.4,194.3,12,1,2.7,Medium
2024-07-31,29.15,78.69,89.6,4.7,27.0,3,0,4.1,Medium
2024-08-01,-48.88,110.06,87.0,4.4,72.4,5,1,13.8,Medium
2024-08-02,-59.88,-22.03,29.4,6.7,161.5,8,1,6.3,Medium
2024-08-03,-11.06,-15.53,7.4,4.5,72.9,5,0,29.3,Medium
2024-08-04,-6.92,113.38,67.0,4.4,23.6,15,1,2.5,Medium
2024-08-05,43.48,124.95,77.9,5.3,171.3,19,1,5.5,Medium
2024-08-06,-6.58,-55.33,18.8,4.0,19.7,2,0,20.0,Low
2024-08-07,-9.58,-142.37,96.6,5.0,97.4,7,0,29.8,Medium
2024-08-08,-9.54,171.68,28.2,6.1,73.0,17,1,26.8,Medium
2024-08-09,42.32,-24.05,42.6,7.5,189.2,7,1,25.7,Medium
2024-08-10,44.02,-46.39,9.0,2.7,11.2,1,0,22.6,Low
2024-08-11,-51.67,-102.08,40.5,4.0,138.5,1,1,6.4,Low
2024-08-12,47.73,-106.87,55.8,5.0,191.5,17,0,13.5,Medium
2024-08-13,11.93,-109.18,46.6,2.9,42.5,7,1,23.0,Low
2024-08-14,-24.6,-89.6,95.4,3.8,144.7,16,1,23.1,Low
2024-08-15,-55.45,46.22,5.0,5.4,113.0,14,0,9.9,Medium
2024-08-16,-37.75,127.19,85.8,3.4,20.5,8,0,16.2,Low
2024-08-17,-8.35,75.55,81.3,2.9,98.2,4,1,7.6,Low
2024-08-18,-10.08,-40.82,63.0,3.0,128.3,6,0,14.6,Low
2024-08-19,-33.48,-178.05,50.0,5.1,20.9,12,0,7.5,Medium
2024-08-20,18.37,-139.07,44.0,5.8,60.9,10,1,2.8,Medium
2024-08-21,-13.2,138.15,41.4,3.1,175.7,1,0,2.2,Low
2024-08-22,42.69,126.98,81.1,5.4,38.0,13,1,15.8,Medium
2024-08-23,30.45,27.29,13.5,3.5,171.4,11,0,9.8,Low
2024-08-24,-30.27,126.41,45.1,3.2,164.6,9,0,4.0,Low
2024-08-25,44.92,-55.14,56.6,3.4,124.0,18,1,29.6,Low
2024-08-26,-21.96,-74.07,84.5,3.3,64.6,1,1,19.8,Low
2024-08-27,-1.79,-30.82,41.9,2.5,164.8,17,0,5.4,Low
2024-08-28,25.96,82.05,6.7,4.2,157.8,15,1,12.4,Medium
2024-08-29,-58.84,130.96,81.2,5.4,64.9,4,1,18.2,Medium
2024-08-30,-30.11,-87.12,46.7,4.8,42.9,16,1,24.9,Medium
2024-08-31,-56.53,71.7,46.0,3.1,59.4,18,0,6.5,Low
2024-09-01,-23.58,-90.15,19.3,6.2,38.2,20,0,8.3,High
2024-09-02,-4.45,174.53,47.0,6.3,140.6,13,1,12.8,Medium
2024-09-03,-24.88,30.72,23.0,6.6,163.5,11,1,18.4,Medium
2024-09-04,56.3,110.94,45.6,4.8,91.9,7,1,3.2,Medium
2024-09-05,-18.54,-100.68,23.6,5.0,142.9,4,1,24.5,Medium
2024-09-06,27.62,11.98,63.9,5.9,22.9,5,1,2.9,Medium
2024-09-07,-54.73,-145.71,79.8,5.7,55.0,10,0,6.7,Medium
2024-09-08,-40.31,-134.15,61.5,6.3,11.8,14,0,15.0,High
2024-09-09,-12.6,-72.45,71.1,5.0,36.2,10,1,10.3,Medium
2024-09-10,-29.67,-10.4,66.7,4.9,199.3,6,1,27.6,Medium
2024-09-11,-39.48,154.27,57.6,5.7,109.8,10,0,4.6,Medium
2024-09-12,-5.94,33.0,63.4,5.4,25.7,6,1,22.7,Medium
2024-09-13,28.18,-4.69,56.4,5.1,116.5,17,0,11.3,Medium
2024-09-14,7.02,-5.49,47.2,5.2,199.8,9,1,20.4,Medium
2024-09-15,-5.22,7.66,13.1,7.1,49.9,9,0,12.4,Medium
2024-09-16,-3.73,-46.11,21.3,5.5,91.9,13,1,13.2,Medium
2024-09-17,-16.65,-116.78,86.4,4.5,41.2,8,0,29.8,Medium
2024-09-18,36.47,-111.5,82.1,3.8,18.5,1,0,6.7,Low
2024-09-19,-23.5,-91.03,32.9,6.3,66.3,2,1,27.5,Medium
2024-09-20,13.91,-155.31,85.1,5.9,39.8,2,1,4.6,Medium
2024-09-21,27.73,-13.85,58.3,4.9,58.8,8,0,5.4,Medium
2024-09-22,-42.43,30.64,64.1,7.2,25.4,20,1,26.4,High
2024-09-23,-1.3,109.83,28.2,7.0,51.1,16,0,12.7,Medium
2024-09-24,19.95,-43.63,7.3,3.3,173.5,16,1,6.4,Low
2024-09-25,18.72,122.76,41.3,2.8,130.0,9,1,25.8,Low
2024-09-26,-56.63,-132.43,13.5,6.6,61.0,11,0,17.3,Medium
2024-09-27,-13.59,-140.53,58.9,3.5,42.8,7,0,19.1,Low
2024-09-28,-34.89,-81.92,9.6,4.1,181.1,8,1,6.3,Medium
2024-09-29,50.88,-50.16,22.1,6.2,174.9,7,1,24.9,Medium
2024-09-30,19.84,172.62,58.1,6.7,189.8,2,0,18.9,Medium
2024-10-01,1.9,-85.74,77.0,4.2,5.3,17,0,18.9,Medium
2024-10-02,-35.46,-75.03,98.1,3.5,157.3,3,0,26.2,Low
2024-10-03,-34.67,38.21,98.2,4.6,26.3,3,1,4.1,Medium
2024-10-04,49.81,160.81,63.3,6.8,108.5,9,0,7.0,Medium
2024-10-05,-59.89,177.54,84.4,4.6,108.5,15,1,25.8,Medium
2024-10-06,27.25,23.63,66.2,3.6,141.3,19,1,10.6,Low
2024-10-07,14.16,169.72,13.4,3.3,109.8,20,0,9.7,Low
2024-10-08,26.69,162.96,35.2,5.7,53.0,3,1,24.5,Medium
2024-10-09,-37.84,-39.87,51.5,6.2,39.6,5,1,16.8,Medium
2024-10-10,41.98,97.37,6.1,5.0,77.4,11,0,13.4,Medium
2024-10-11,29.53,-108.27,59.0,5.3,156.9,15,0,29.0,Medium
2024-10-12,-7.04,-48.61,49.7,4.1,103.4,10,0,16.4,Medium
2024-10-13,-10.55,62.5,22.4,7.0,15.9,7,0,26.8,Medium
2024-10-14,10.51,-176.16,49.8,3.9,56.3,11,1,26.0,Low
2024-10-15,-3.24,-159.27,16.7,6.6,123.0,9,1,7.6,Medium
2024-10-16,-51.03,84.82,56.2,4.1,81.7,17,1,11.3,Medium
2024-10-17,-15.36,-101.62,89.8,4.7,44.9,1,1,26.4,Medium
2024-10-18,43.65,-77.19,36.2,5.4,109.7,4,0,24.9,Medium
2024-10-19,-8.7,140.68,71.5,4.8,155.5,8,0,26.5,Medium
2024-10-20,44.13,16.09,91.3,5.1,187.2,13,1,16.2,Medium
2024-10-21,15.4,25.13,21.0,6.1,8.7,14,0,22.2,High
2024-10-22,55.89,91.56,95.3,2.9,117.5,15,0,26.0,Low
2024-10-23,7.19,-123.58,78.2,6.3,136.8,4,0,9.6,Medium
2024-10-24,-6.81,-138.51,71.4,4.0,46.8,5,1,22.8,Low
2024-10-25,2.98,153.69,43.6,2.7,95.7,15,0,10.8,Low
2024-10-26,-24.45,147.55,51.8,5.0,192.6,4,1,10.8,Medium
2024-10-27,14.18,-97.92,77.1,5.4,82.7,14,1,24.2,Medium
2024-10-28,57.02,52.99,11.2,4.7,51.5,12,1,10.3,Medium
2024-10-29,-42.79,-90.0,49.3,5.3,174.4,5,1,3.8,Medium
2024-10-30,-22.4,-42.06,52.9,6.1,44.2,17,1,17.5,High
2024-10-31,-5.9,96.98,73.3,5.5,122.8,15,0,24.9,Medium
2024-11-01,-37.84,-83.0,13.0,3.7,62.2,6,0,19.9,Low
2024-11-02,-31.48,82.76,18.5,5.7,78.1,8,0,5.9,Medium
2024-11-03,12.67,-173.98,48.5,5.1,107.3,13,1,8.9,Medium
2024-11-04,54.45,-21.71,21.1,4.1,43.3,12,0,11.2,Medium
2024-11-05,-47.78,31.59,43.8,6.0,51.5,19,1,13.4,Medium
2024-11-06,-21.41,52.44,38.3,5.4,199.8,17,1,9.8,Medium
2024-11-07,-20.95,29.57,50.5,6.1,109.6,5,0,25.1,Medium
2024-11-08,39.38,128.46,84.8,4.7,62.5,2,1,27.3,Medium
2024-11-09,-58.6,131.85,88.8,7.2,32.5,18,0,14.7,High
2024-11-10,-38.72,59.4,83.9,5.1,96.2,19,0,28.9,Medium
2024-11-11,56.63,-22.33,29.1,5.6,194.5,20,1,25.6,Medium
2024-11-12,2.69,146.34,61.8,4.8,108.6,19,0,2.4,Medium
2024-11-13,6.16,-135.81,35.8,6.8,99.2,14,0,17.8,Medium
2024-11-14,-22.75,-39.88,15.2,6.6,108.8,13,0,6.3,Medium
2024-11-15,-3.49,170.45,9.7,3.5,161.3,9,0,19.6,Low
2024-11-16,-26.39,173.93,7.6,4.9,150.6,8,1,16.5,Medium
2024-11-17,9.23,84.95,64.6,4.7,186.9,15,0,5.3,Medium
2024-11-18,-29.38,6.11,12.5,4.7,131.4,17,1,7.7,Medium
2024-11-19,-46.65,7.45,79.0,2.6,109.9,11,0,19.1,Low
2024-11-20,45.23,-56.58,55.0,4.6,147.6,10,0,27.9,Medium
2024-11-21,51.09,-71.35,59.6,4.2,193.2,18,1,26.0,Medium
2024-11-22,-50.43,-30.83,49.6,2.6,142.9,1,0,20.4,Low
2024-11-23,-45.5,56.36,71.6,6.7,72.5,3,1,12.5,Medium
2024-11-24,32.66,73.09,72.1,3.3,105.0,6,1,25.5,Low
2024-11-25,-48.71,-156.96,98.8,6.7,87.1,4,0,14.1,Medium
2024-11-26,47.84,91.56,37.0,6.7,184.8,20,1,14.9,Medium
2024-11-27,-59.81,125.83,12.8,3.4,105.8,11,0,28.7,Low
2024-11-28,-44.98,24.03,53.0,2.7,49.1,14,0,16.6,Low
2024-11-29,28.81,125.51,76.4,6.2,130.7,13,1,14.5,Medium
2024-11-30,22.52,139.24,16.9,6.1,152.7,11,0,17.6,Medium
2024-12-01,43.72,71.21,33.4,5.0,165.0,8,1,6.4,Medium
2024-12-02,-0.41,-162.08,65.3,4.0,124.6,8,1,29.3,Low
2024-12-03,55.32,79.34,87.9,6.8,46.6,7,1,6.8,Medium
2024-12-04,6.98,63.41,17.6,6.1,152.6,13,0,5.8,Medium
2024-12-05,29.57,70.62,15.6,6.3,94.4,18,1,13.4,Medium
2024-12-06,25.55,161.85,69.8,6.1,165.5,5,1,2.3,Medium
2024-12-07,-41.72,49.19,26.0,5.8,69.5,6,1,8.1,Medium
2024-12-08,44.95,53.4,38.9,4.5,103.7,3,1,20.5,Medium
2024-12-09,-6.87,167.1,32.8,2.6,97.3,16,0,17.4,Low
2024-12-10,-55.67,-135.55,32.5,4.2,88.7,2,0,12.2,Medium
2024-12-11,11.22,-23.79,90.2,5.6,148.1,13,0,26.8,Medium
2024-12-12,37.61,-26.09,98.8,2.7,111.3,20,0,13.2,Low
2024-12-13,2.79,-79.1,88.1,4.8,135.6,1,1,12.3,Medium
2024-12-14,5.41,55.57,52.9,3.9,89.4,3,0,7.5,Low
2024-12-15,4.1,-116.3,79.7,4.1,146.9,12,1,29.7,Medium
2024-12-16,57.2,-48.18,61.8,5.1,33.8,10,0,16.4,Medium
2024-12-17,51.62,-115.1,81.8,5.6,168.6,6,0,8.6,Medium
2024-12-18,-25.31,-106.43,5.2,4.3,169.4,20,1,14.0,Medium
2024-12-19,-48.39,143.58,76.7,6.8,14.0,18,1,6.8,High
2024-12-20,-11.89,-109.09,69.1,4.1,20.8,2,1,13.8,Medium
2024-12-21,52.77,-164.29,61.7,5.9,54.6,17,0,10.1,Medium
2024-12-22,-46.58,117.47,30.8,5.4,61.7,3,0,5.1,Medium
2024-12-23,17.46,28.06,14.3,3.6,8.3,14,1,4.8,Low
2024-12-24,54.44,-140.01,49.9,6.0,15.9,15,0,6.3,High
2024-12-25,-43.61,-120.05,52.8,5.4,97.1,20,0,3.8,Medium
2024-12-26,3.01,-74.58,23.1,2.7,47.8,12,1,25.3,Low
2024-12-27,-7.61,-49.06,20.7,4.7,24.0,2,1,22.5,Medium
2024-12-28,4.19,84.07,13.5,3.0,139.4,1,1,20.7,Low
2024-12-29,-16.45,-103.61,7.6,3.6,149.0,3,0,5.5,Low
2024-12-30,-53.42,-40.43,93.6,5.2,13.2,13,0,28.2,Medium
2024-12-31,-49.8,-47.55,44.5,4.6,132.6,3,0,25.7,Medium
2025-01-01,17.4,-108.98,25.9,5.8,102.1,10,0,25.7,Medium
2025-01-02,36.87,-20.51,70.0,6.5,146.3,5,0,3.4,Medium
2025-01-03,-9.21,-166.98,41.2,6.3,172.9,15,1,2.1,Medium
2025-01-04,-18.84,171.63,69.0,3.0,6.6,7,0,29.5,Low
2025-01-05,43.63,109.75,24.3,3.9,64.3,20,0,25.6,Low
2025-01-06,-4.49,19.91,89.4,6.0,144.3,16,0,15.5,Medium
2025-01-07,-27.44,139.39,97.6,6.0,6.8,10,1,29.8,Medium
2025-01-08,26.81,74.55,15.9,6.4,29.7,2,1,2.3,Medium
2025-01-09,54.44,51.79,45.6,2.8,104.7,9,1,19.8,Low
2025-01-10,34.3,165.61,25.8,6.6,65.9,6,1,24.2,Medium
2025-01-11,-36.35,-138.05,24.1,4.3,60.6,3,0,16.9,Medium
2025-01-12,-21.5,22.46,64.9,6.6,9.8,12,1,4.5,High
2025-01-13,-16.71,24.6,29.2,3.2,179.5,7,0,17.5,Low
2025-01-14,56.21,-28.84,43.3,3.8,145.5,14,1,5.4,Low
2025-01-15,30.25,-129.84,13.1,3.1,10.8,7,1,22.0,Low
2025-01-16,43.31,163.84,88.9,7.0,171.3,15,0,23.5,Medium
2025-01-17,57.95,86.43,87.6,3.6,76.4,18,1,4.7,Low
2025-01-18,30.78,148.91,69.0,3.1,153.7,8,0,15.3,Low
2025-01-19,-46.24,-144.01,55.2,7.1,34.0,1,0,8.0,Medium
2025-01-20,15.99,-162.16,28.7,4.8,48.1,15,0,20.2,Medium
2025-01-21,-17.53,-153.91,84.5,3.2,183.3,3,0,11.2,Low
2025-01-22,-46.28,-72.34,91.2,4.4,44.3,3,1,29.6,Medium
2025-01-23,45.73,51.68,83.8,2.9,188.9,20,0,13.9,Low
2025-01-24,-0.12,51.82,77.4,2.9,61.7,3,0,29.2,Low
2025-01-25,59.6,16.9,82.6,3.9,121.3,17,0,19.6,Low
2025-01-26,-14.12,29.7,27.1,6.8,8.8,5,1,10.5,Medium
2025-01-27,20.93,-132.35,48.9,4.9,56.7,11,0,12.8,Medium
2025-01-28,20.74,-84.71,39.3,7.1,158.8,19,1,9.3,Medium
2025-01-29,-8.34,-159.4,49.6,2.5,106.6,15,1,6.0,Low
2025-01-30,-37.65,-179.01,8.3,4.1,54.1,5,1,19.1,Medium
2025-01-31,55.1,-152.63,37.3,5.8,107.6,20,0,22.7,Medium
2025-02-01,46.93,-15.73,63.9,2.7,142.0,3,0,20.2,Low
2025-02-02,53.57,68.71,38.5,6.4,73.2,9,1,4.2,Medium
2025-02-03,5.36,47.99,15.7,7.4,115.1,7,0,19.9,Medium
2025-02-04,-49.7,-16.77,91.6,6.1,158.3,17,0,23.1,Medium
2025-02-05,-1.11,-141.08,88.2,5.6,179.3,11,1,24.6,Medium
2025-02-06,-7.48,112.15,93.4,3.5,49.1,7,0,21.7,Low
2025-02-07,-9.45,-110.36,83.9,4.3,52.8,1,1,19.0,Medium
2025-02-08,-8.8,-89.66,95.0,4.5,29.4,13,0,16.4,Medium
2025-02-09,-7.27,-106.06,81.6,3.9,122.2,19,0,29.0,Low
2025-02-10,-52.05,139.62,75.0,6.8,138.6,15,0,27.6,Medium
2025-02-11,-5.48,-72.52,15.2,7.4,197.2,10,0,3.0,Medium
2025-02-12,-36.48,60.01,80.0,5.0,178.2,19,0,23.5,Medium
2025-02-13,34.0,-169.96,74.1,2.9,31.4,2,0,24.4,Low
2025-02-14,50.8,109.43,32.3,5.6,7.8,2,1,7.4,Medium
2025-02-15,-51.97,28.6,23.6,2.8,80.5,14,0,20.5,Low
2025-02-16,-40.71,-41.31,17.2,6.9,132.2,13,1,16.1,Medium
2025-02-17,22.4,-108.04,66.9,4.4,34.1,18,0,27.9,Medium
2025-02-18,-31.4,123.04,67.0,7.2,85.9,9,1,20.9,Medium
2025-02-19,38.77,-84.72,7.1,6.3,76.6,9,1,22.6,Medium
2025-02-20,24.08,133.09,97.1,2.7,96.9,17,0,19.1,Low
2025-02-21,18.28,45.89,47.7,5.3,74.7,13,0,19.4,Medium
2025-02-22,20.91,-37.43,83.5,4.4,9.7,16,1,7.3,Medium
2025-02-23,21.04,-69.65,87.6,4.7,158.0,17,0,22.0,Medium
2025-02-24,-34.26,-2.65,16.6,3.9,33.8,9,1,28.2,Low
2025-02-25,-9.81,-12.21,90.0,6.3,121.0,1,1,8.5,Medium
2025-02-26,20.15,-54.55,82.8,7.2,127.5,20,1,22.2,Medium
2025-02-27,50.32,-121.96,29.8,4.4,115.2,9,1,28.8,Medium
2025-02-28,-40.83,48.75,22.9,6.7,167.3,5,1,16.6,Medium
2025-03-01,-39.17,125.14,72.4,4.5,149.5,10,1,10.7,Medium
2025-03-02,26.8,-29.56,97.2,6.7,61.9,4,0,18.0,Medium
2025-03-03,-54.55,145.85,89.7,5.7,76.8,11,0,21.1,Medium
2025-03-04,-37.39,-95.15,12.9,5.1,140.6,2,1,14.6,Medium
2025-03-05,11.2,136.31,48.7,4.6,22.8,14,1,17.2,Medium
2025-03-06,39.07,179.65,68.4,2.5,136.4,13,1,15.8,Low
2025-03-07,-39.48,150.3,79.7,2.5,98.6,4,0,29.7,Low
2025-03-08,-56.26,85.73,57.0,3.9,105.7,13,1,4.6,Low
2025-03-09,-9.45,99.78,10.3,5.6,91.1,14,0,5.3,Medium
2025-03-10,6.58,-57.15,8.4,3.6,26.3,13,1,27.3,Low
2025-03-11,-8.1,25.14,37.2,6.1,147.1,17,0,21.1,Medium
2025-03-12,-24.88,-40.01,6.9,6.2,101.5,18,0,18.0,Medium
2025-03-13,29.37,88.41,67.5,7.2,14.2,12,1,17.2,High
2025-03-14,29.55,-144.01,60.9,4.2,24.1,7,1,23.6,Medium
2025-03-15,-58.66,-10.91,47.8,6.0,46.1,4,0,21.3,Medium
2025-03-16,48.0,-85.59,34.8,7.1,196.3,2,0,5.4,Medium
2025-03-17,-40.67,-79.69,91.4,2.8,126.8,11,1,5.8,Low
2025-03-18,41.54,124.62,24.5,6.5,97.6,5,1,7.5,Medium
2025-03-19,-51.75,-101.97,13.6,2.6,143.1,7,1,4.0,Low
2025-03-20,49.41,-23.08,18.7,4.6,46.8,15,0,9.9,Medium
2025-03-21,-45.21,126.31,29.8,3.9,62.8,14,1,26.6,Low
2025-03-22,31.1,144.79,79.1,5.1,139.1,2,1,29.8,Medium
2025-03-23,-17.07,-94.21,58.2,6.9,153.4,11,0,9.1,Medium
2025-03-24,-24.51,-53.44,65.7,6.8,132.6,6,1,26.9,Medium
2025-03-25,16.75,-177.77,13.5,7.3,132.5,11,0,23.2,Medium
2025-03-26,-55.14,81.76,99.7,5.2,195.1,5,1,26.4,Medium
2025-03-27,-56.9,-67.15,82.1,6.4,144.9,2,0,5.8,Medium
2025-03-28,52.33,-172.9,29.0,2.8,56.9,2,1,10.3,Low
2025-03-29,24.59,-173.97,34.3,4.1,104.7,1,0,8.1,Medium
2025-03-30,-25.29,68.02,5.3,4.6,136.9,3,1,28.4,Medium
2025-03-31,31.86,-37.51,39.6,3.5,156.8,9,0,20.8,Low
2025-04-01,-16.02,131.36,32.6,4.4,107.6,18,0,4.0,Medium
2025-04-02,-15.77,-58.05,39.3,4.9,57.3,1,0,10.6,Medium
2025-04-03,27.81,179.96,53.1,2.9,31.0,14,1,14.5,Low
2025-04-04,-43.14,-151.49,11.3,4.4,33.9,9,1,22.9,Medium
2025-04-05,3.61,112.59,100.0,7.0,58.8,1,0,12.0,Medium
2025-04-06,22.25,-71.89,41.5,3.5,198.0,11,0,12.8,Low
2025-04-07,-2.46,120.72,12.7,4.9,199.1,3,0,19.7,Medium
2025-04-08,29.92,-30.42,9.0,2.7,133.1,11,1,21.1,Low
2025-04-09,-52.56,28.95,20.3,3.9,120.9,3,0,12.3,Low
2025-04-10,-6.84,110.34,93.2,2.5,59.5,8,1,7.0,Low
2025-04-11,-16.27,-122.05,62.1,6.1,9.5,16,1,18.5,High
2025-04-12,-20.21,157.72,54.1,7.1,112.0,1,1,24.2,Medium
2025-04-13,-14.35,67.65,59.8,3.3,104.1,6,0,22.8,Low
2025-04-14,56.99,80.93,87.6,6.2,156.9,2,1,15.3,Medium
2025-04-15,-10.28,171.32,39.8,3.2,175.4,2,0,7.1,Low
2025-04-16,3.91,-12.48,77.5,7.3,18.4,13,0,25.1,High
2025-04-17,10.3,-152.58,95.2,6.5,161.0,15,0,16.6,Medium
2025-04-18,29.87,129.42,95.8,4.3,82.1,18,1,15.3,Medium
2025-04-19,53.07,148.22,69.2,7.1,124.2,14,1,28.7,Medium
2025-04-20,-52.47,171.0,11.2,3.0,134.7,11,0,19.9,Low
2025-04-21,-26.24,166.0,46.5,2.8,75.9,3,1,29.8,Low
2025-04-22,-48.07,-115.06,67.4,3.9,69.6,3,0,23.5,Low
2025-04-23,-33.64,116.98,84.2,6.6,33.7,13,1,5.7,High
2025-04-24,-59.11,108.16,66.2,6.6,93.1,14,0,15.5,Medium
2025-04-25,40.58,96.32,8.6,5.3,155.6,9,0,17.1,Medium
2025-04-26,-6.18,-27.31,98.9,2.6,158.2,13,0,15.8,Low
2025-04-27,9.54,36.36,84.5,5.6,51.0,19,0,28.0,Medium
2025-04-28,-52.5,116.45,96.9,5.3,138.3,7,1,13.8,Medium
2025-04-29,39.71,74.94,72.9,5.8,21.2,18,0,18.4,High
2025-04-30,-45.82,-93.2,85.0,6.6,20.7,12,1,11.6,High
2025-05-01,37.8,-47.94,91.0,3.5,138.0,14,1,6.8,Low
2025-05-02,-2.61,138.53,84.6,2.7,180.0,11,0,20.1,Low
2025-05-03,-35.85,-76.0,15.0,7.5,125.2,11,0,23.3,Medium
2025-05-04,-46.2,-138.97,25.5,4.3,149.3,13,1,14.7,Medium
2025-05-05,43.1,-109.2,77.6,7.2,191.4,15,1,28.4,Medium
2025-05-06,27.79,41.2,99.0,5.4,11.3,10,0,22.7,Medium
2025-05-07,47.4,-87.07,94.7,7.1,64.2,3,1,5.5,Medium
2025-05-08,-39.55,-109.63,74.6,5.4,152.4,20,1,23.0,Medium
2025-05-09,-6.16,45.07,76.0,4.1,44.9,13,1,18.6,Medium
2025-05-10,9.7,-114.19,33.8,7.0,111.1,18,0,20.8,Medium
2025-05-11,50.84,-175.44,30.6,4.1,24.8,13,1,15.4,Medium
2025-05-12,44.95,-44.05,86.5,3.6,187.1,15,1,4.8,Low
2025-05-13,37.46,7.78,9.1,2.8,69.8,10,1,8.2,Low
2025-05-14,52.27,-124.26,59.2,5.4,150.4,2,1,9.4,Medium
2025-05-15,-29.31,-154.35,23.8,5.8,189.3,11,0,10.3,Medium
2025-05-16,-41.48,150.85,81.6,6.5,106.2,11,1,20.0,Medium
2025-05-17,-41.96,-44.24,55.8,3.9,161.0,18,0,17.1,Low
2025-05-18,-5.32,-112.8,49.9,2.8,127.8,2,1,28.3,Low
2025-05-19,54.78,-124.58,71.5,3.1,162.9,19,0,7.2,Low
2025-05-20,4.52,56.0,93.3,5.7,60.9,6,0,15.4,Medium
2025-05-21,-58.51,-127.23,8.9,6.7,123.3,9,0,7.3,Medium
2025-05-22,2.51,159.22,34.7,7.3,17.4,3,0,24.5,Medium
2025-05-23,-9.56,127.12,64.8,3.2,188.8,9,0,21.9,Low
2025-05-24,-16.85,145.22,18.2,7.1,81.1,9,0,18.0,Medium
2025-05-25,-10.1,-177.73,32.0,2.5,112.5,10,0,9.8,Low
2025-05-26,-26.99,129.12,67.0,7.2,198.9,13,1,16.1,Medium
2025-05-27,18.4,148.17,85.1,7.5,83.3,11,0,21.2,Medium
2025-05-28,-12.44,-145.1,97.4,3.2,166.3,2,0,26.2,Low
2025-05-29,-4.77,40.56,37.1,6.1,30.6,10,1,22.0,Medium
2025-05-30,45.09,153.18,59.5,3.0,43.8,5,1,24.5,Low
2025-05-31,13.06,21.22,47.2,3.1,52.0,20,0,5.5,Low
2025-06-01,48.86,-89.41,24.7,4.4,7.9,9,1,11.6,Medium
2025-06-02,36.64,-148.4,26.5,4.5,174.8,2,0,7.8,Medium
2025-06-03,49.63,-89.73,32.0,3.9,181.0,10,1,7.4,Low
2025-06-04,-24.88,-38.41,80.5,5.5,30.1,20,1,21.7,Medium
2025-06-05,-42.87,-31.2,63.0,2.7,171.1,17,1,10.0,Low
2025-06-06,-16.58,90.97,43.0,5.1,17.0,13,1,28.8,Medium
2025-06-07,-2.06,61.76,28.5,2.9,187.4,8,0,25.2,Low
2025-06-08,-39.43,-153.46,11.0,4.4,74.6,15,1,18.5,Medium
2025-06-09,-25.68,141.19,15.7,4.6,116.4,13,0,4.0,Medium
2025-06-10,-8.25,44.57,97.1,4.2,25.7,13,1,4.3,Medium
2025-06-11,26.72,164.93,44.8,7.2,81.6,18,0,14.3,Medium
2025-06-12,3.33,-179.27,19.5,6.6,8.0,6,0,28.5,Medium
2025-06-13,14.13,100.21,74.0,4.0,15.1,15,1,12.6,Low
2025-06-14,2.75,61.32,6.3,2.9,120.0,14,0,18.9,Low
2025-06-15,45.71,122.34,53.2,5.6,91.6,14,0,11.8,Medium
2025-06-16,39.35,145.66,37.0,5.3,198.5,15,0,2.6,Medium
2025-06-17,-45.32,-34.59,20.3,2.9,63.6,2,1,29.9,Low
2025-06-18,24.11,74.17,19.9,5.9,175.0,19,0,17.0,Medium
2025-06-19,-32.84,174.97,99.5,4.0,163.3,9,0,24.8,Low
2025-06-20,-58.22,131.2,7.7,6.0,8.7,20,1,2.8,High
2025-06-21,-50.33,-159.73,35.8,4.8,61.3,14,0,28.7,Medium
2025-06-22,-36.09,-39.92,45.2,6.2,61.2,5,1,14.0,Medium
2025-06-23,-40.68,-136.06,54.1,4.4,33.9,17,1,4.4,Medium
2025-06-24,16.26,-72.62,89.9,6.6,100.2,4,1,6.5,Medium
2025-06-25,-35.43,63.68,83.2,3.7,70.9,11,1,9.1,Low
2025-06-26,36.69,-116.1,24.2,4.9,41.4,18,1,16.8,Medium
2025-06-27,48.81,121.66,28.9,2.9,91.1,15,0,27.4,Low
2025-06-28,-38.28,96.07,54.9,5.6,164.6,3,1,25.8,Medium
2025-06-29,-26.29,0.49,24.8,3.4,143.7,14,0,27.1,Low
2025-06-30,29.97,-148.62,17.1,7.2,191.8,17,0,17.7,Medium
2025-07-01,55.86,-132.56,83.6,5.3,197.0,2,1,27.5,Medium
2025-07-02,-8.31,-146.83,74.0,3.8,146.3,16,0,9.3,Low
2025-07-03,35.68,78.37,47.4,5.0,52.9,16,0,28.3,Medium
2025-07-04,-13.09,-156.38,62.2,6.4,17.1,12,0,8.9,High
2025-07-05,-11.28,117.3,80.4,6.3,143.4,7,0,22.4,Medium
2025-07-06,-21.52,-40.22,70.6,3.0,84.6,18,0,23.7,Low
2025-07-07,1.76,-115.76,12.2,5.0,149.6,6,0,14.1,Medium
2025-07-08,-33.3,119.2,25.0,6.6,76.1,17,1,5.3,Medium
2025-07-09,-18.01,-114.36,87.5,4.4,42.9,1,0,8.5,Medium
2025-07-10,-17.44,15.83,65.4,6.8,21.8,7,0,10.3,Medium
2025-07-11,40.97,44.2,51.4,4.9,165.5,12,1,28.0,Medium
2025-07-12,16.0,160.79,69.0,6.0,159.0,20,0,28.8,Medium
2025-07-13,-59.2,-70.33,54.4,5.6,181.4,5,0,12.9,Medium
2025-07-14,-48.28,-59.33,21.6,3.0,92.9,14,0,10.1,Low
2025-07-15,51.86,-30.44,10.9,4.9,152.4,4,1,26.0,Medium
2025-07-16,-48.25,-58.26,87.2,2.8,137.1,18,1,6.8,Low
2025-07-17,52.53,92.2,57.8,7.2,85.0,10,1,20.0,Medium
2025-07-18,-41.93,60.27,12.0,5.1,98.3,17,0,23.0,Medium
2025-07-19,45.93,-126.16,54.3,2.9,143.7,15,1,10.2,Low
2025-07-20,28.64,-91.06,98.6,7.3,58.5,13,1,7.8,Medium
2025-07-21,-38.32,-23.11,75.0,3.0,36.2,4,0,5.0,Low
2025-07-22,56.09,-18.32,82.6,4.1,91.1,6,0,19.4,Medium
2025-07-23,-28.67,85.09,46.8,3.8,177.9,14,1,21.4,Low
2025-07-24,10.72,64.37,67.9,7.4,155.4,1,1,18.7,Medium
2025-07-25,13.06,135.22,15.5,5.3,54.7,6,0,22.6,Medium
2025-07-26,45.86,6.56,19.5,3.1,8.0,12,1,21.5,Low
2025-07-27,24.71,-88.62,41.4,4.3,114.0,6,0,2.6,Medium
2025-07-28,31.25,71.26,70.4,5.8,128.4,6,1,24.7,Medium
2025-07-29,0.14,78.48,32.4,4.2,55.9,12,1,13.8,Medium
2025-07-30,47.2,7.91,52.5,4.6,166.8,5,1,9.8,Medium
2025-07-31,-20.11,92.94,83.6,5.9,42.3,11,0,13.7,High
2025-08-01,45.98,-46.39,77.8,7.4,197.3,9,0,18.6,Medium
2025-08-02,45.49,23.54,72.1,3.5,61.2,5,0,21.7,Low
2025-08-03,13.0,-131.91,26.2,6.3,25.9,8,0,22.3,Medium
2025-08-04,-38.26,105.59,67.8,2.8,70.7,18,0,29.4,Low
2025-08-05,-56.57,-47.48,74.7,7.1,111.8,17,1,28.6,Medium
2025-08-06,-51.36,67.73,41.8,5.1,68.7,7,1,10.5,Medium
2025-08-07,13.21,127.8,81.3,6.0,102.7,12,1,23.0,Medium
2025-08-08,40.13,-141.23,93.0,6.2,19.6,9,0,25.9,Medium
2025-08-09,16.33,-35.29,77.0,5.1,64.1,5,1,15.3,Medium
2025-08-10,41.51,147.76,18.6,4.7,54.5,7,0,16.8,Medium
2025-08-11,-18.19,-12.47,88.0,3.7,117.0,17,0,2.9,Low
2025-08-12,-29.42,112.69,5.1,6.4,180.7,9,0,27.8,Medium
2025-08-13,-22.98,-15.68,93.2,6.0,160.6,17,1,25.7,Medium
2025-08-14,15.7,0.83,98.6,5.8,95.4,18,1,19.4,Medium
2025-08-15,-36.9,139.85,84.4,7.4,101.9,5,0,25.0,Medium
2025-08-16,-55.32,-84.83,48.1,7.1,183.7,8,0,24.4,Medium
2025-08-17,15.48,-66.12,41.7,5.0,186.7,2,1,19.2,Medium
2025-08-18,46.64,96.04,96.0,4.2,199.8,10,1,23.8,Medium
2025-08-19,13.73,-168.03,52.9,5.5,193.5,8,0,25.1,Medium
2025-08-20,45.81,89.63,20.0,5.1,146.3,1,1,28.5,Medium
2025-08-21,4.35,72.46,94.0,3.4,25.3,14,1,3.5,Low
2025-08-22,-0.98,101.26,20.3,6.8,82.7,3,1,16.2,Medium
2025-08-23,46.58,-85.68,67.2,5.6,75.9,8,0,17.2,Medium
2025-08-24,-57.89,-60.17,63.6,3.8,93.6,10,1,23.4,Low
2025-08-25,-20.76,-141.12,62.4,7.2,183.6,4,1,12.5,Medium
2025-08-26,-44.51,89.23,18.3,6.1,108.6,2,0,18.9,Medium
2025-08-27,25.29,36.32,92.0,4.7,155.7,13,1,7.0,Medium
2025-08-28,43.49,175.0,81.1,3.7,35.4,16,1,8.0,Low
2025-08-29,30.32,-91.02,27.0,5.3,11.2,11,0,28.3,Medium
2025-08-30,-19.38,26.68,28.1,6.1,168.0,11,0,26.9,Medium
2025-08-31,-33.09,-33.39,23.6,7.2,21.8,10,1,4.5,Medium
2025-09-01,-28.21,-175.28,13.2,7.1,115.0,12,0,8.9,Medium
2025-09-02,25.17,-52.01,84.0,5.8,60.7,18,1,22.7,Medium
2025-09-03,57.14,-56.68,52.1,4.4,187.1,8,1,18.3,Medium
2025-09-04,11.01,-84.99,13.7,4.5,157.2,5,1,22.4,Medium
2025-09-05,52.05,-132.65,73.7,4.9,195.4,5,1,14.2,Medium
2025-09-06,-36.95,0.66,26.4,3.4,145.8,3,0,28.1,Low
2025-09-07,5.83,-89.03,23.3,6.2,23.4,10,0,13.4,Medium
2025-09-08,-41.12,-72.39,39.9,2.5,69.4,14,0,15.0,Low
2025-09-09,8.86,45.26,31.7,4.5,96.0,8,1,19.3,Medium
2025-09-10,-16.32,147.38,96.2,3.1,147.6,15,0,28.3,Low
2025-09-11,45.15,87.75,18.2,2.9,141.4,8,0,29.2,Low
2025-09-12,-44.4,-174.3,92.0,5.3,93.8,15,0,18.2,Medium
2025-09-13,28.72,-105.01,17.1,3.3,6.2,20,1,21.8,Low
2025-09-14,16.44,143.57,9.7,7.1,193.6,6,1,8.5,Medium
2025-09-15,-34.03,52.39,10.7,3.9,115.6,19,1,19.4,Low
2025-09-16,31.08,-49.93,66.1,6.6,169.1,19,0,18.1,Medium
2025-09-17,-38.58,-131.6,99.5,2.9,152.2,14,1,16.4,Low
2025-09-18,-54.12,-74.67,44.6,2.8,74.3,13,1,18.9,Low
2025-09-19,-50.0,52.18,40.2,4.5,96.0,3,0,16.4,Medium
2025-09-20,52.27,157.63,39.1,5.9,169.8,11,1,8.1,Medium
2025-09-21,56.53,-40.15,98.8,7.1,136.5,14,1,14.9,Medium
2025-09-22,-44.84,-154.05,95.9,4.3,135.2,13,0,26.0,Medium
2025-09-23,-14.87,161.26,62.7,2.9,115.5,20,1,29.8,Low
2025-09-24,11.07,-18.98,48.6,2.7,21.1,17,0,5.1,Low
2025-09-25,-5.65,-17.26,10.0,3.3,182.8,7,0,28.1,Low
2025-09-26,-23.06,153.47,96.8,5.6,126.1,11,1,9.4,Medium
2025-09-27,-49.38,113.6,21.1,6.7,181.8,8,1,20.9,Medium
2025-09-28,59.0,-79.2,17.1,7.1,46.4,11,1,6.2,High
2025-09-29,-55.56,48.02,37.4,2.7,71.7,10,0,27.2,Low
2025-09-30,30.71,-86.89,36.4,3.8,27.6,9,1,20.6,Low
2025-10-01,17.64,-25.34,29.3,7.3,95.1,1,1,29.1,Medium
2025-10-02,19.41,-176.05,6.5,6.0,56.0,17,0,11.0,Medium
2025-10-03,10.41,-41.96,55.8,6.1,163.8,18,0,5.3,Medium
2025-10-04,-52.99,-80.5,56.2,6.9,188.8,11,0,8.1,Medium
2025-10-05,-19.94,133.02,46.4,6.4,43.2,4,0,26.9,Medium
2025-10-06,-48.17,-168.78,80.6,3.4,110.4,15,1,5.6,Low
2025-10-07,0.06,-176.41,68.5,3.2,50.8,12,0,8.6,Low
2025-10-08,38.01,-28.85,47.0,6.6,184.7,9,1,2.3,Medium
2025-10-09,32.79,7.67,99.3,5.7,170.7,1,0,19.8,Medium
2025-10-10,-9.24,107.93,31.1,7.0,88.4,11,1,22.4,Medium
2025-10-11,-14.67,141.44,32.7,5.6,118.9,20,1,3.0,Medium
2025-10-12,19.62,-44.35,6.6,6.3,12.2,16,0,5.2,High
2025-10-13,-32.25,-176.13,85.2,2.7,84.6,12,1,17.2,Low
2025-10-14,52.74,28.88,25.2,3.1,64.5,10,0,22.9,Low
2025-10-15,50.3,-4.86,6.3,3.6,22.8,1,0,28.5,Low
2025-10-16,51.63,73.37,78.3,7.0,72.0,14,0,20.5,Medium
2025-10-17,32.17,-25.31,37.4,3.6,56.0,16,1,6.0,Low
2025-10-18,-31.25,-25.12,61.2,7.0,138.9,9,0,28.0,Medium
2025-10-19,1.71,-66.5,14.6,5.7,175.2,16,0,25.5,Medium
2025-10-20,26.81,-117.92,53.8,6.1,13.2,5,1,4.3,Medium
2025-10-21,-50.46,99.99,6.4,6.0,152.9,15,0,27.4,Medium
2025-10-22,-47.88,153.61,64.1,5.2,142.8,2,0,6.4,Medium
2025-10-23,30.99,34.69,44.2,4.7,60.7,8,0,6.5,Medium
2025-10-24,42.9,-115.22,70.9,5.5,97.6,9,1,11.6,Medium
2025-10-25,26.79,82.58,47.5,7.2,80.7,17,1,8.8,Medium
2025-10-26,5.85,68.67,30.1,2.7,177.2,11,1,22.2,Low
2025-10-27,-48.65,-110.83,25.0,2.6,119.3,20,1,14.1,Low
2025-10-28,36.36,-84.12,79.5,2.6,121.7,20,1,24.1,Low
2025-10-29,48.09,-154.21,37.7,5.6,72.3,7,0,28.2,Medium
2025-10-30,55.64,-174.89,46.2,4.9,80.1,13,0,16.6,Medium
2025-10-31,40.56,0.62,82.2,6.3,193.4,4,1,15.8,Medium
2025-11-01,-39.61,66.23,40.7,6.0,77.6,18,0,10.7,Medium
2025-11-02,-59.62,151.47,38.2,2.6,134.3,1,1,4.1,Low
2025-11-03,-2.37,98.1,82.7,5.2,149.3,5,1,11.7,Medium
2025-11-04,-19.51,107.34,90.9,6.2,31.4,18,1,29.0,High
2025-11-05,-30.28,27.77,96.9,7.3,99.3,14,1,5.1,Medium
2025-11-06,-47.77,-25.05,54.9,5.6,95.1,15,0,5.6,Medium
2025-11-07,1.68,176.76,89.8,7.3,95.1,8,1,25.2,Medium
2025-11-08,-53.63,-93.24,7.8,2.7,73.6,5,0,28.0,Low
2025-11-09,21.61,-12.65,77.5,4.5,197.1,20,1,8.4,Medium
2025-11-10,-2.78,-163.9,41.5,3.2,119.4,18,1,18.9,Low
2025-11-11,-13.19,28.94,34.5,6.8,139.7,5,0,12.6,Medium
2025-11-12,-6.01,-141.26,72.2,5.1,91.4,17,0,15.4,Medium
2025-11-13,0.65,-46.25,69.9,7.0,110.8,10,0,10.3,Medium
2025-11-14,-0.51,-162.75,65.7,3.8,32.3,8,0,16.6,Low
2025-11-15,-18.65,-112.13,73.8,6.7,141.7,6,1,18.0,Medium
2025-11-16,-18.65,25.81,51.5,5.0,138.5,2,0,14.9,Medium
2025-11-17,2.32,71.54,67.3,4.7,95.0,12,1,22.1,Medium
2025-11-18,47.96,8.28,85.5,7.4,109.7,14,1,10.9,Medium
2025-11-19,2.89,176.51,98.5,4.5,165.6,5,0,7.1,Medium
2025-11-20,-49.92,-119.05,43.5,4.5,174.2,11,1,24.5,Medium
2025-11-21,29.81,106.75,23.7,4.8,95.7,5,1,18.3,Medium
2025-11-22,-34.09,98.17,38.3,6.7,84.6,2,1,11.8,Medium
2025-11-23,-53.7,-158.27,79.2,6.7,128.6,5,1,21.1,Medium
2025-11-24,-13.95,-64.17,39.7,4.1,98.8,16,1,18.8,Medium
2025-11-25,-17.27,121.05,38.9,3.3,113.0,7,1,15.2,Low
2025-11-26,-58.63,163.34,62.6,5.1,111.1,9,1,13.0,Medium
2025-11-27,58.45,-94.94,55.9,5.9,78.6,6,1,24.7,Medium
2025-11-28,10.24,-137.97,61.9,4.9,186.5,3,0,9.2,Medium
2025-11-29,56.91,112.23,48.9,2.5,100.3,5,1,27.1,Low
2025-11-30,-20.86,-1.63,15.1,3.5,19.8,7,1,19.1,Low
2025-12-01,45.87,94.73,95.2,7.1,76.1,10,0,19.3,Medium
2025-12-02,-8.58,-82.12,37.1,2.8,181.1,13,0,20.1,Low
2025-12-03,-57.76,-108.51,66.1,5.8,140.0,1,1,13.2,Medium
2025-12-04,-2.13,-125.1,68.4,6.4,130.9,16,1,19.4,Medium
2025-12-05,48.83,20.44,78.4,4.2,162.7,1,1,3.5,Medium
2025-12-06,18.66,-4.97,21.0,5.5,62.8,15,0,22.2,Medium
2025-12-07,49.35,-149.45,16.2,6.2,7.6,10,0,28.6,Medium
2025-12-08,47.31,102.1,58.2,7.5,157.7,15,1,11.0,Medium
2025-12-09,-35.89,29.83,29.7,3.8,90.8,12,1,27.9,Low
2025-12-10,-13.27,167.89,58.9,4.1,49.1,9,1,23.1,Medium
2025-12-11,30.93,120.96,73.6,2.8,18.7,7,0,6.7,Low
2025-12-12,-59.03,19.17,91.1,3.3,136.1,16,0,24.9,Low
2025-12-13,-1.57,161.88,93.3,6.2,179.4,17,1,26.7,Medium
2025-12-14,37.35,153.45,20.7,7.2,57.3,18,0,14.0,Medium
2025-12-15,54.08,48.45,49.8,2.7,123.6,12,1,26.4,Low
2025-12-16,-3.55,74.8,78.0,5.3,89.0,6,1,15.8,Medium
2025-12-17,-52.01,125.82,25.6,3.4,117.6,2,1,18.7,Low
2025-12-18,-9.03,71.71,49.9,7.4,107.8,10,1,17.9,Medium
2025-12-19,18.91,19.81,81.5,3.5,73.6,6,0,3.1,Low
2025-12-20,-57.04,-168.18,22.4,3.0,151.1,14,0,27.4,Low
2025-12-21,-57.58,59.89,46.7,4.0,199.1,14,0,11.7,Low
2025-12-22,43.96,-41.02,41.5,3.9,179.0,10,0,14.3,Low
2025-12-23,15.35,-136.87,68.3,6.7,67.1,5,0,13.3,Medium
2025-12-24,-45.6,166.03,44.9,3.6,84.1,2,0,5.6,Low
2025-12-25,47.38,176.27,75.9,6.8,35.2,18,0,24.3,High
2025-12-26,28.74,28.82,57.2,4.7,120.4,7,1,28.2,Medium
2025-12-27,14.9,-87.3,20.6,6.8,9.0,8,1,29.8,Medium
2025-12-28,25.16,-165.8,48.3,2.5,43.7,12,0,6.5,Low
2025-12-29,-44.12,154.42,15.9,5.4,65.0,19,0,18.9,Medium
2025-12-30,22.41,60.02,83.9,4.8,150.7,8,0,23.8,Medium
2025-12-31,3.6,-167.11,60.1,2.5,87.1,3,0,29.3,Low
2026-01-01,0.53,177.37,64.8,4.2,111.6,12,0,26.1,Medium
2026-01-02,-31.99,153.87,34.9,7.4,61.6,18,0,8.3,Medium
2026-01-03,-26.39,-164.93,74.7,4.2,195.2,18,1,25.6,Medium
2026-01-04,9.02,-46.43,19.6,3.9,115.0,15,1,4.4,Low
2026-01-05,-25.66,157.67,78.2,5.2,11.4,17,0,28.1,Medium
2026-01-06,48.19,150.2,6.9,5.2,167.5,2,0,3.8,Medium
2026-01-07,33.26,14.2,70.7,3.8,136.3,3,1,6.5,Low
2026-01-08,54.13,-23.41,59.5,6.6,116.2,7,1,24.8,Medium
2026-01-09,-31.03,165.61,37.6,4.9,120.6,15,1,8.3,Medium
2026-01-10,-24.4,-161.26,5.7,6.0,86.2,19,1,19.6,Medium
2026-01-11,-57.33,34.56,93.7,7.2,117.7,19,0,28.3,Medium
2026-01-12,4.96,176.29,22.7,4.4,165.1,6,1,26.3,Medium
2026-01-13,-9.39,-74.77,67.4,5.2,80.2,14,1,21.5,Medium
2026-01-14,-59.94,87.86,19.7,6.4,76.1,9,1,20.1,Medium
2026-01-15,53.76,-67.73,81.3,3.2,7.8,6,1,11.9,Low
2026-01-16,-59.68,47.76,10.0,5.1,22.3,12,1,23.8,Medium
2026-01-17,-44.39,-99.41,66.9,5.8,91.9,9,1,22.7,Medium
2026-01-18,7.21,-157.55,16.1,7.1,176.8,5,1,22.5,Medium
2026-01-19,9.74,50.15,73.9,7.1,191.4,9,1,19.5,Medium
2026-01-20,-8.1,156.64,72.4,6.6,93.3,12,0,13.3,Medium
2026-01-21,-54.3,-97.93,29.5,5.0,121.2,8,1,2.7,Medium
2026-01-22,-28.44,83.56,16.7,7.1,159.9,17,1,15.9,Medium
2026-01-23,18.39,145.49,69.9,7.0,78.8,12,0,12.7,Medium
2026-01-24,-49.1,-88.2,71.5,7.0,29.7,14,0,16.0,High
2026-01-25,-55.76,-70.62,6.7,7.0,55.2,1,0,17.6,Medium
2026-01-26,-7.54,-168.17,87.3,5.3,69.1,9,0,16.7,Medium
2026-01-27,-31.7,9.35,22.9,4.4,198.8,1,1,7.5,Medium
2026-01-28,-18.35,56.2,72.5,6.5,157.9,8,0,17.3,Medium
2026-01-29,52.56,62.92,40.0,5.8,124.4,16,0,19.8,Medium
2026-01-30,52.27,-86.9,6.5,4.2,53.6,4,1,27.8,Medium
2026-01-31,-23.26,-134.77,93.8,6.0,79.6,5,0,16.3,Medium
2026-02-01,12.05,54.08,85.2,5.4,100.4,16,0,18.0,Medium
2026-02-02,-59.86,-149.0,18.8,6.9,50.0,3,1,14.3,Medium
2026-02-03,-37.85,-12.32,73.0,2.8,155.2,14,0,22.8,Low
2026-02-04,28.67,72.51,53.9,5.4,45.8,12,0,12.2,Medium
2026-02-05,0.06,93.7,56.2,5.3,140.2,6,0,8.8,Medium
2026-02-06,4.74,128.04,49.0,5.0,93.0,6,0,23.7,Medium
2026-02-07,-3.95,160.5,44.9,3.8,10.8,19,1,25.7,Low
2026-02-08,-0.92,103.33,78.0,2.9,63.4,15,0,28.9,Low
2026-02-09,-7.11,-137.43,17.5,4.1,52.7,18,0,27.2,Medium
2026-02-10,17.05,-81.38,24.7,3.5,173.1,10,0,26.7,Low
2026-02-11,42.65,-74.19,38.6,6.5,81.6,15,1,6.1,Medium
2026-02-12,19.99,-58.11,35.2,5.5,52.9,16,0,27.6,Medium
2026-02-13,11.35,23.88,20.1,6.5,193.4,5,0,20.5,Medium
2026-02-14,0.39,91.24,10.3,5.4,95.9,1,1,14.5,Medium
2026-02-15,6.61,99.27,38.2,3.4,46.4,10,1,25.0,Low
2026-02-16,1.95,-76.72,98.3,4.2,159.4,13,0,22.4,Medium
2026-02-17,28.03,-125.62,30.4,5.4,113.4,16,0,8.4,Medium
2026-02-18,58.39,-93.19,69.2,6.0,166.6,19,1,22.0,Medium
2026-02-19,-25.12,-169.93,58.2,6.3,98.4,1,1,6.6,Medium
2026-02-20,1.35,-86.93,10.7,5.2,109.6,2,0,14.4,Medium
2026-02-21,52.48,31.32,30.3,6.1,70.3,20,0,23.8,Medium
2026-02-22,-18.76,-145.05,21.3,2.7,199.8,1,0,15.6,Low
2026-02-23,-2.04,-57.72,97.8,5.8,190.1,16,1,6.1,Medium
2026-02-24,58.76,-55.28,9.0,7.0,156.7,12,1,3.5,Medium
2026-02-25,57.42,77.49,7.0,5.3,117.2,7,1,22.7,Medium
2026-02-26,-47.86,-171.77,29.2,4.5,54.4,7,1,23.8,Medium
2026-02-27,-31.26,97.54,39.4,3.3,60.5,15,0,21.4,Low
2026-02-28,14.24,112.64,40.2,2.5,194.1,4,1,15.8,Low
2026-03-01,18.14,-102.57,22.2,5.8,16.0,14,1,13.7,High
2026-03-02,7.39,53.1,97.0,3.2,10.9,10,0,11.4,Low
2026-03-03,32.76,120.82,24.6,6.2,70.4,4,1,7.6,Medium
2026-03-04,28.53,-50.66,82.3,2.7,40.7,7,1,18.1,Low
2026-03-05,6.15,-30.15,44.7,6.1,110.8,4,1,9.3,Medium
2026-03-06,-21.33,43.18,18.9,6.0,15.3,18,1,14.7,High
2026-03-07,52.16,139.68,47.6,3.2,150.0,1,1,8.9,Low
2026-03-08,-38.83,65.2,15.0,3.5,144.4,1,1,19.7,Low
2026-03-09,-47.2,-31.49,65.6,5.9,12.1,11,0,5.5,High
2026-03-10,6.66,60.87,78.0,6.3,162.7,20,1,12.6,Medium
2026-03-11,-32.67,174.2,41.6,6.5,178.5,17,0,21.9,Medium
2026-03-12,-32.27,-57.81,76.7,5.7,170.0,18,0,4.7,Medium
2026-03-13,37.93,135.74,9.1,7.3,137.4,12,1,16.9,Medium
2026-03-14,27.94,-164.12,33.7,4.9,45.0,3,0,18.1,Medium
2026-03-15,5.72,-14.39,14.6,3.0,184.5,17,1,26.4,Low
2026-03-16,23.74,-21.03,46.1,3.2,149.8,17,0,25.9,Low
2026-03-17,-38.52,-129.98,65.1,4.6,18.7,2,0,21.1,Medium
2026-03-18,44.4,-36.21,97.1,6.3,183.3,8,0,16.0,Medium
2026-03-19,-42.66,102.96,28.1,6.4,155.0,18,0,29.4,Medium
2026-03-20,-20.05,-45.77,64.1,6.0,152.0,1,1,13.4,Medium
2026-03-21,57.8,50.91,22.9,5.0,160.6,19,1,18.2,Medium
2026-03-22,-15.62,169.75,11.5,6.4,15.3,12,0,3.8,High
2026-03-23,-45.28,87.96,68.6,3.4,199.6,12,0,8.6,Low
2026-03-24,-12.66,11.48,79.5,2.5,147.5,16,0,3.4,Low
2026-03-25,56.04,-64.69,63.9,2.9,115.1,17,1,12.1,Low
2026-03-26,-42.79,-86.84,30.7,4.7,163.5,9,1,2.7,Medium
2026-03-27,-35.11,-105.74,53.6,3.1,198.8,10,1,11.2,Low
2026-03-28,17.19,16.08,28.6,4.9,198.3,8,0,29.0,Medium
2026-03-29,-14.16,-172.13,76.3,6.4,35.2,11,0,10.3,High
2026-03-30,42.56,5.3,64.4,5.0,130.0,7,1,9.7,Medium
2026-03-31,-15.43,-81.01,60.1,3.5,101.7,20,0,15.5,Low
2026-04-01,-10.57,-111.13,60.0,5.1,107.1,10,1,19.8,Medium
2026-04-02,20.88,-7.49,22.2,4.8,71.5,17,0,16.2,Medium
2026-04-03,-32.88,162.51,98.4,3.5,199.5,15,1,3.3,Low
2026-04-04,11.14,-7.68,91.2,4.0,56.6,3,0,7.4,Low
2026-04-05,55.05,-126.27,17.3,5.3,27.2,14,0,10.1,Medium
2026-04-06,52.47,26.42,40.9,5.2,63.1,9,0,6.3,Medium
2026-04-07,-23.84,149.18,57.8,5.5,128.3,11,0,7.3,Medium
2026-04-08,-33.57,-38.46,6.5,5.7,98.9,10,0,16.0,Medium
2026-04-09,39.79,-36.47,77.2,4.9,7.4,8,0,14.3,Medium
2026-04-10,-43.67,168.93,57.4,4.8,71.5,20,1,21.5,Medium
2026-04-11,39.93,-176.36,59.6,3.7,37.0,3,1,13.5,Low
2026-04-12,50.26,-113.68,8.5,2.7,132.1,19,0,6.5,Low
2026-04-13,18.14,-60.63,46.8,7.2,188.4,19,0,3.7,Medium
2026-04-14,-46.07,-18.48,37.4,7.4,189.3,2,0,8.4,Medium
