Rainfall_mm,River_Level_m,Humidity_pct,Temperature_C,Soil_Moisture_pct,Wind_Speed_kmph,Flood
102,6.47,44,34,81,22,0
102,3.84,53,26,31,22,0
1,5.91,59,29,11,22,0
160,2.78,51,35,58,11,0
219,7.8,44,26,64,21,0
63,4.0,80,30,30,10,0
166,0.6,89,25,18,22,0
129,5.63,89,30,53,9,0
174,1.8,65,25,13,3,0
133,2.06,33,29,72,19,0
217,3.87,91,27,23,17,0
14,1.16,91,31,89,14,0
81,4.55,53,33,69,14,0
40,2.72,74,24,80,10,0
87,3.46,37,31,72,12,0
242,5.8,64,26,42,6,0
233,3.19,70,35,16,10,0
71,3.87,62,30,32,6,0
98,4.93,64,24,56,15,0
130,6.21,43,30,36,10,0
206,3.71,71,35,86,20,0
62,7.22,81,27,32,8,0
236,4.55,58,27,22,8,0
186,5.71,57,25,51,14,0
61,5.25,35,35,37,13,0
43,3.62,91,34,71,2,0
128,2.21,91,32,86,10,0
2,0.55,56,32,71,6,0
224,1.4,73,31,88,23,0
159,4.39,81,24,71,18,0
185,7.72,68,25,12,18,0
100,2.64,88,24,11,3,0
219,0.89,30,26,11,22,0
171,3.86,99,30,77,24,0
202,3.27,46,29,33,6,0
115,7.88,40,24,82,7,0
207,0.81,49,35,68,5,0
146,5.83,48,27,80,21,0
232,5.68,68,25,10,12,0
219,6.01,79,30,40,11,0
98,2.21,45,33,69,18,0
1,7.97,41,28,46,24,0
8,2.59,48,26,29,23,0
119,7.16,65,29,34,19,0
127,2.79,95,29,44,17,0
188,2.18,62,27,42,15,0
20,1.84,37,30,76,18,0
127,4.76,88,26,31,15,0
157,7.8,80,29,17,3,0
20,4.27,57,24,78,17,0
146,4.79,93,24,26,13,0
219,4.02,75,28,15,4,0
123,0.62,53,24,55,22,0
94,7.73,92,28,41,24,0
160,2.88,47,32,63,4,0
103,1.03,61,29,32,3,0
126,4.39,31,33,26,9,0
160,1.52,77,30,51,24,0
25,6.58,54,31,22,8,0
56,5.21,49,24,17,15,0
143,0.88,44,35,75,24,0
190,0.77,54,33,72,23,0
57,6.95,78,27,51,7,0
14,3.2,89,28,17,22,0
59,2.12,34,30,77,7,0
108,1.96,76,26,64,9,0
51,1.5,59,26,26,20,0
91,6.08,91,30,18,13,0
244,0.94,30,25,57,9,0
236,2.6,45,30,73,6,0
21,5.98,96,35,35,17,0
178,6.18,86,35,78,16,1
240,2.84,91,27,78,13,0
143,1.23,77,28,48,5,0
32,3.99,52,33,19,23,0
68,7.15,81,33,28,2,0
247,5.44,33,31,89,24,0
1,0.7,61,34,33,13,0
177,4.8,62,24,70,20,0
170,7.56,96,24,42,9,0
73,2.05,58,35,55,3,0
242,5.14,37,33,83,3,0
114,2.61,97,33,84,5,0
216,6.53,65,33,82,4,0
176,5.99,65,25,33,24,0
189,4.71,41,24,64,14,0
22,6.16,59,24,71,21,0
111,3.42,42,34,28,18,0
99,0.58,48,35,18,8,0
27,7.63,81,26,25,22,0
68,2.7,54,27,62,24,0
143,6.42,82,33,67,8,1
141,4.62,34,26,84,19,0
238,1.57,87,35,26,7,0
6,3.7,69,33,18,19,0
26,5.8,34,28,47,20,0
135,3.31,94,29,26,8,0
216,4.94,65,29,40,20,0
188,3.33,68,34,83,20,0
38,3.76,74,25,67,21,0
219,6.25,68,24,12,14,0
91,7.72,92,35,34,2,0
165,3.77,87,35,54,14,0
60,2.92,65,26,28,21,0
184,4.42,78,24,63,23,0
2,7.26,86,34,21,11,0
223,0.93,53,35,17,5,0
89,3.41,89,25,37,6,0
40,2.45,56,29,72,18,0
200,2.82,58,26,15,19,0
114,5.94,76,32,75,11,0
55,7.07,34,30,42,23,0
64,4.1,78,34,35,23,0
58,6.82,62,25,10,22,0
239,1.07,98,28,12,22,0
22,6.27,66,33,83,20,0
144,2.31,30,26,54,14,0
3,2.21,61,25,81,8,0
153,4.24,83,29,12,19,0
11,6.62,34,34,66,18,0
111,4.1,52,28,23,3,0
74,2.1,67,35,47,19,0
97,5.27,80,25,61,7,0
224,6.38,59,30,60,18,0
132,6.47,39,31,26,11,0
16,2.44,98,25,15,22,0
193,2.97,72,34,32,24,0
79,1.64,45,31,13,9,0
131,3.09,96,26,36,19,0
60,1.94,48,28,14,19,0
91,3.11,51,28,79,2,0
132,3.96,75,25,58,15,0
217,5.68,55,32,56,23,0
238,4.34,92,24,35,5,0
0,1.13,81,31,23,24,0
77,3.97,55,34,65,20,0
6,5.65,52,34,27,7,0
226,3.48,93,32,37,11,0
38,2.92,73,32,26,14,0
211,4.05,39,26,27,16,0
227,4.53,63,31,49,18,0
235,1.46,70,28,15,21,0
25,5.06,88,31,68,14,0
197,5.04,62,28,31,22,0
197,3.24,33,34,71,24,0
136,1.1,60,31,45,7,0
65,4.82,33,29,60,3,0
78,4.51,55,26,54,13,0
132,1.9,97,26,29,18,0
139,1.36,43,29,46,12,0
99,2.9,32,24,15,19,0
247,1.51,52,33,53,3,0
12,5.63,94,28,82,18,0
8,4.97,53,29,44,18,0
68,6.73,79,28,84,10,0
161,1.86,64,24,49,23,0
59,6.81,40,32,23,4,0
212,1.9,55,27,51,19,0
39,3.89,43,26,47,2,0
22,3.79,54,24,75,15,0
52,7.3,80,30,60,7,0
133,3.0,80,31,51,21,0
14,7.09,62,27,36,5,0
156,1.64,56,30,42,5,0
85,5.86,34,34,83,2,0
117,6.66,60,27,61,16,0
156,4.55,58,27,85,14,0
129,0.59,65,27,35,12,0
26,3.09,40,33,47,7,0
199,3.68,75,34,21,14,0
103,4.29,89,34,85,13,0
99,7.39,34,31,46,9,0
126,1.64,60,33,18,23,0
50,6.02,69,32,20,24,0
0,1.35,50,33,45,23,0
214,7.41,92,29,64,20,1
167,5.06,76,32,62,10,1
201,6.52,55,32,44,21,0
24,6.98,67,25,16,19,0
218,6.03,46,34,68,13,0
178,2.36,54,30,61,7,0
244,7.36,78,34,31,19,0
212,4.36,78,27,72,9,0
48,2.75,42,30,60,20,0
61,2.04,58,24,54,17,0
167,4.91,30,26,56,19,0
193,4.51,67,26,72,5,0
128,3.01,84,30,12,11,0
201,7.23,63,35,64,19,0
134,5.44,94,32,76,24,1
186,4.29,83,32,76,20,0
96,4.68,37,25,44,15,0
31,6.92,45,27,46,23,0
212,3.55,84,25,16,11,0
6,6.02,48,26,45,19,0
1,7.33,98,27,20,11,0
129,3.22,41,27,14,6,0
165,6.3,38,25,62,13,0
98,7.61,53,24,83,15,0
214,6.5,43,32,49,3,0
236,3.52,51,34,13,14,0
97,2.54,99,25,51,5,0
40,2.56,46,28,34,7,0
121,5.9,56,32,40,7,0
218,4.98,41,32,62,8,0
137,7.36,55,28,71,15,0
63,3.15,83,34,74,20,0
180,5.02,55,28,20,9,0
10,3.17,88,30,63,3,0
54,5.48,51,28,65,2,0
249,0.73,49,26,71,14,0
234,3.01,55,25,82,10,0
39,5.96,90,34,51,8,0
34,6.64,73,26,21,20,0
100,1.19,78,24,83,24,0
240,1.89,91,31,17,22,0
80,5.44,99,31,34,19,0
88,5.35,88,33,35,16,0
31,5.79,46,30,35,22,0
85,7.37,43,28,16,10,0
114,7.43,88,30,48,4,0
145,4.42,46,31,69,14,0
97,7.14,72,31,64,24,0
107,4.79,33,29,34,14,0
209,4.4,71,35,75,24,0
226,7.03,59,34,22,14,0
17,7.54,68,27,38,18,0
220,0.78,86,31,19,8,0
83,6.03,78,26,54,15,0
119,2.65,97,25,71,6,0
152,2.58,82,32,24,18,0
120,5.6,41,34,46,6,0
170,4.91,68,31,72,15,0
87,4.01,54,30,61,5,0
58,3.51,92,29,83,12,0
225,3.38,70,24,12,7,0
4,0.93,76,30,58,10,0
98,4.98,90,34,44,19,0
81,5.72,32,26,22,16,0
88,4.95,43,28,20,10,0
183,2.49,58,32,76,3,0
75,0.77,69,32,14,12,0
186,2.61,67,31,14,17,0
89,4.49,66,35,57,14,0
27,1.07,69,26,67,4,0
55,5.47,69,34,86,14,0
32,7.09,48,31,68,17,0
168,3.01,74,32,62,11,0
99,5.14,67,35,16,6,0
234,7.71,60,30,51,11,0
159,3.01,59,30,40,19,0
99,4.67,41,30,75,14,0
45,2.95,46,31,69,14,0
162,1.46,59,30,83,10,0
223,6.8,57,35,88,6,0
220,6.42,49,27,77,18,0
11,1.01,39,29,74,23,0
217,1.06,79,35,45,4,0
179,6.19,36,34,42,7,0
110,4.16,80,34,67,24,0
25,1.69,58,27,22,10,0
38,4.45,58,34,41,3,0
174,5.6,51,34,36,4,0
80,7.72,85,35,30,16,0
207,6.93,35,26,66,6,0
130,2.84,87,35,47,16,0
161,2.1,93,24,34,13,0
17,6.98,56,31,69,15,0
216,7.01,82,31,88,15,1
49,6.21,32,35,62,4,0
147,6.47,54,30,26,13,0
83,3.73,67,32,69,23,0
245,2.94,31,31,81,12,0
63,3.91,50,25,73,19,0
109,7.81,67,34,54,2,0
101,7.31,40,29,60,10,0
144,1.27,75,29,29,2,0
201,6.32,31,24,42,10,0
204,1.12,55,29,75,7,0
102,2.01,44,25,53,18,0
103,5.27,96,34,15,10,0
5,5.12,61,32,85,9,0
71,5.86,91,27,71,16,0
126,1.1,33,29,67,23,0
153,4.11,70,35,23,12,0
209,0.95,41,32,54,20,0
121,2.97,74,31,62,24,0
31,4.24,99,25,31,6,0
95,4.57,88,26,37,11,0
242,5.6,83,24,16,13,0
48,7.01,60,33,70,21,0
36,3.09,49,35,33,19,0
176,4.35,65,33,75,16,0
161,6.45,68,33,67,23,0
124,2.08,47,31,30,16,0
224,1.49,37,27,51,13,0
13,7.79,66,28,47,14,0
40,2.35,89,31,11,8,0
69,5.39,57,25,44,6,0
4,2.94,69,35,65,5,0
44,2.28,60,34,19,4,0
117,1.77,39,35,10,6,0
19,4.91,30,32,73,23,0
211,3.35,66,28,85,6,0
48,6.83,73,31,37,16,0
206,4.69,90,27,87,3,0
200,4.48,49,33,38,2,0
118,2.19,88,28,42,18,0
178,0.81,49,28,52,3,0
216,5.29,86,30,65,16,1
170,4.17,73,29,32,14,0
51,5.79,37,25,10,24,0
7,1.67,34,29,56,3,0
192,6.79,72,33,39,19,0
209,5.13,37,31,85,9,0
88,5.67,62,24,28,17,0
141,3.45,98,32,71,3,0
241,5.04,92,32,42,10,0
88,7.03,60,32,84,5,0
97,3.53,33,29,28,7,0
225,6.22,52,26,84,2,0
87,2.73,44,24,85,8,0
142,5.72,89,32,42,18,0
223,3.3,73,29,20,4,0
199,5.51,95,32,12,22,0
25,7.64,95,29,37,22,0
220,3.06,41,28,57,6,0
206,4.5,44,34,57,24,0
69,6.1,72,28,32,12,0
246,7.23,44,32,45,12,0
50,0.95,50,29,28,3,0
77,4.14,81,34,38,16,0
155,4.54,45,33,45,19,0
1,2.54,33,33,84,8,0
94,6.95,68,30,72,18,0
169,1.89,85,27,77,23,0
6,6.62,73,31,54,11,0
46,7.64,51,29,30,23,0
219,2.21,38,33,51,9,0
151,3.15,55,34,46,5,0
49,5.99,89,30,83,19,0
146,5.18,84,25,78,16,1
48,6.03,62,30,30,18,0
149,0.68,44,26,80,12,0
137,2.43,86,32,11,4,0
6,5.71,96,33,48,10,0
240,0.62,53,35,55,20,0
67,5.93,71,30,45,9,0
228,7.21,32,32,17,2,0
122,3.08,97,24,69,3,0
187,6.5,56,28,17,7,0
199,5.38,73,33,12,23,0
69,0.89,73,25,44,3,0
214,3.99,37,29,53,5,0
196,1.81,60,32,64,17,0
105,1.23,84,35,26,17,0
139,7.86,32,30,14,21,0
103,6.26,94,32,39,22,0
83,5.18,61,24,25,13,0
37,1.69,43,27,32,19,0
236,3.2,31,34,82,2,0
74,6.69,91,30,35,5,0
209,4.37,64,29,52,16,0
85,4.75,41,24,51,7,0
81,5.21,59,31,39,15,0
133,1.56,36,27,23,10,0
142,3.52,95,34,11,4,0
209,7.68,39,32,75,23,0
32,7.42,43,24,89,23,0
237,1.81,32,26,50,7,0
24,5.5,37,28,77,16,0
67,1.1,41,35,22,15,0
19,3.8,89,29,41,12,0
129,5.38,60,26,14,20,0
161,3.95,31,34,59,16,0
200,3.73,38,26,30,10,0
155,2.77,36,35,13,5,0
102,2.22,81,27,45,7,0
230,5.93,92,26,16,23,0
13,1.83,34,30,11,22,0
245,6.43,50,33,67,8,0
132,2.11,82,25,54,5,0
208,1.32,89,34,72,22,0
51,2.5,55,27,43,21,0
111,6.03,81,29,51,22,0
41,7.19,93,24,18,10,0
128,6.57,77,24,19,19,0
57,2.4,50,35,84,24,0
33,3.4,78,24,69,24,0
87,7.12,98,35,74,24,0
100,0.86,72,24,60,4,0
151,0.77,49,28,67,15,0
227,3.12,44,26,16,20,0
27,3.16,87,28,14,23,0
95,1.02,39,29,17,9,0
152,7.82,79,26,58,5,0
125,2.46,70,32,71,19,0
9,6.49,41,34,11,23,0
12,4.87,45,35,20,11,0
14,1.33,47,30,82,9,0
58,4.63,51,27,39,21,0
212,5.57,80,24,30,4,0
121,6.62,68,24,21,10,0
174,2.39,42,28,17,15,0
103,4.68,52,35,84,23,0
149,7.89,51,35,38,14,0
209,1.31,81,34,59,16,0
242,1.63,73,29,52,6,0
188,6.08,32,29,28,24,0
156,1.2,54,28,17,11,0
185,0.57,30,35,14,4,0
192,2.58,93,33,19,22,0
127,6.61,56,25,50,17,0
12,4.54,65,29,67,23,0
11,6.09,43,32,43,22,0
120,5.59,45,26,79,20,0
100,1.44,33,27,19,23,0
226,1.53,83,31,30,11,0
37,1.75,89,32,54,21,0
16,4.91,33,26,89,24,0
243,4.7,53,25,39,19,0
146,2.52,89,26,58,15,0
210,0.94,59,33,40,5,0
191,4.4,74,27,64,18,0
182,2.27,92,27,56,12,0
56,7.5,74,24,26,7,0
3,4.22,76,34,24,7,0
46,6.8,38,33,25,6,0
248,4.74,39,25,12,14,0
106,0.68,99,24,60,22,0
146,2.44,75,33,78,6,0
211,6.52,93,28,79,5,1
125,5.96,64,24,33,5,0
69,0.93,75,35,69,21,0
151,4.04,59,31,39,23,0
219,2.57,84,35,23,11,0
79,3.28,99,35,82,14,0
227,0.75,86,28,77,19,0
160,6.29,99,25,41,12,0
147,1.46,77,30,30,11,0
153,3.64,43,32,46,22,0
81,1.59,66,31,58,20,0
114,7.79,41,32,70,10,0
160,1.63,97,33,80,23,0
246,4.59,53,25,37,12,0
168,6.44,78,24,79,15,1
197,6.85,34,25,31,17,0
56,5.52,45,26,48,23,0
75,0.97,69,29,69,11,0
98,0.89,92,24,73,8,0
20,1.74,97,27,24,9,0
212,5.45,43,34,49,18,0
190,4.64,32,31,53,2,0
41,4.23,35,30,61,24,0
88,3.48,72,26,78,20,0
10,2.03,37,31,50,5,0
228,5.26,84,32,56,16,0
175,7.23,71,35,79,13,0
129,2.88,32,26,36,19,0
106,7.88,62,35,10,24,0
7,7.2,77,34,13,7,0
109,1.13,61,32,21,12,0
45,2.9,30,30,30,14,0
161,1.74,88,30,36,6,0
24,1.2,97,32,29,3,0
153,1.1,34,26,70,10,0
115,7.39,35,26,69,13,0
120,4.03,76,35,82,22,0
215,4.21,32,35,39,17,0
20,1.35,91,24,44,21,0
33,3.11,76,25,67,12,0
184,3.77,51,24,78,13,0
138,6.83,64,24,25,3,0
65,2.86,57,30,79,10,0
147,2.2,92,26,13,16,0
37,3.2,50,26,66,22,0
180,5.4,43,27,85,18,0
38,6.56,35,34,32,3,0
119,3.35,43,27,81,4,0
146,7.83,54,31,23,7,0
214,1.46,80,26,51,20,0
200,6.8,74,30,87,10,0
123,6.72,48,27,23,7,0
180,4.56,69,24,39,10,0
63,4.75,81,32,23,12,0
52,2.73,88,32,77,5,0
219,6.89,70,31,64,17,0
220,6.79,77,35,44,12,0
63,6.42,50,28,57,21,0
100,4.99,62,28,82,10,0
67,7.01,94,31,54,24,0
174,1.12,83,35,55,16,0
14,5.01,55,27,31,9,0
20,5.23,49,32,38,20,0
131,5.57,57,27,31,13,0
172,7.78,95,31,43,24,0
104,4.3,67,29,34,19,0
144,0.8,35,33,36,9,0
210,2.58,94,32,49,15,0
34,3.86,85,24,22,7,0
48,0.56,91,31,52,21,0
123,2.64,68,28,58,11,0
106,0.83,38,31,46,18,0
40,6.64,50,26,68,8,0
182,7.06,42,34,28,12,0
76,7.47,74,24,49,13,0
18,3.58,90,28,21,17,0
160,6.68,98,31,34,15,0
86,5.88,76,30,58,16,0
83,5.65,95,27,42,5,0
81,1.19,57,31,85,20,0
142,6.12,31,32,83,3,0
50,4.95,39,25,60,23,0
200,5.09,57,26,79,22,0
1,4.47,32,31,11,18,0
168,3.67,64,34,74,24,0
44,3.5,91,24,34,24,0
151,5.39,57,28,63,12,0
145,3.53,74,30,82,22,0
229,6.42,89,35,41,4,0
194,6.93,70,30,84,17,0
159,3.28,86,29,42,8,0
33,1.75,66,30,77,6,0
55,6.21,76,27,28,11,0
187,3.34,64,34,20,18,0
112,5.58,98,31,43,17,0
115,4.85,94,27,59,6,0
157,0.71,88,26,84,14,0
3,1.24,75,29,73,11,0
50,0.68,88,28,39,11,0
228,6.77,66,33,44,24,0
133,5.02,58,34,56,21,0
144,3.39,51,27,78,6,0
232,4.65,63,29,62,24,0
178,3.17,61,26,55,13,0
20,7.75,97,26,10,4,0
140,5.2,40,27,60,18,0
98,7.1,53,33,28,6,0
230,3.46,57,28,26,6,0
163,7.3,93,34,20,23,0
172,3.94,50,29,20,8,0
219,0.93,85,27,50,15,0
249,7.58,46,26,28,17,0
107,4.13,99,30,84,2,0
189,6.21,44,34,84,20,0
241,5.94,82,34,60,16,0
238,4.8,64,32,81,21,0
172,3.79,48,29,76,6,0
12,7.79,90,30,89,19,0
223,7.47,72,26,63,11,0
41,5.24,50,35,75,10,0
151,6.0,59,32,56,4,0
18,2.0,55,24,80,8,0
66,6.03,54,28,10,16,0
36,0.54,37,28,69,10,0
126,7.13,64,25,72,9,0
22,4.16,75,27,39,7,0
74,3.12,32,35,86,14,0
223,1.04,90,26,25,3,0
167,1.35,63,33,25,7,0
187,1.59,42,31,40,3,0
38,3.51,84,34,62,8,0
64,4.62,59,28,22,22,0
146,3.18,86,32,40,18,0
182,4.27,91,33,19,5,0
199,4.66,49,25,23,19,0
155,2.26,82,31,88,23,0
29,4.4,88,30,17,19,0
11,4.23,63,25,84,10,0
203,3.52,86,24,35,19,0
95,4.95,79,31,50,7,0
68,7.55,93,35,20,2,0
106,2.53,56,25,53,5,0
99,7.3,80,26,58,7,0
111,7.52,80,28,26,24,0
217,4.73,89,34,64,11,0
174,1.75,50,34,22,6,0
160,2.59,40,24,77,16,0
24,2.74,50,27,21,6,0
41,1.29,77,30,37,10,0
98,3.93,47,26,80,10,0
12,3.62,42,27,40,3,0
15,3.28,67,34,63,23,0
224,6.47,74,25,18,9,0
6,1.44,32,35,79,13,0
171,3.46,83,29,74,5,0
20,2.66,42,32,58,23,0
53,4.37,73,28,83,15,0
12,3.34,53,25,23,11,0
162,4.2,46,35,63,21,0
23,5.94,54,27,69,7,0
64,2.84,57,24,67,13,0
26,4.82,71,34,56,10,0
161,1.86,36,28,34,2,0
54,4.38,86,35,25,17,0
42,5.47,36,27,60,10,0
159,7.24,74,29,68,5,0
103,0.99,58,25,37,14,0
78,0.95,73,33,13,9,0
136,2.29,85,27,59,12,0
142,4.71,51,32,26,13,0
198,1.56,55,32,19,14,0
82,1.6,82,31,77,16,0
94,5.56,94,24,56,21,0
101,2.68,89,32,56,10,0
173,0.97,34,27,61,10,0
202,0.83,62,25,47,3,0
14,3.16,50,28,15,7,0
61,6.55,75,26,15,9,0
171,7.23,62,24,84,14,0
49,6.9,57,35,79,10,0
15,5.27,77,31,73,13,0
138,3.94,47,26,64,7,0
117,0.6,35,27,38,3,0
16,7.7,95,25,17,14,0
105,4.08,94,34,48,18,0
186,7.7,73,32,46,11,0
35,3.18,57,33,52,22,0
215,6.56,95,30,81,17,1
90,2.4,56,32,76,13,0
140,0.5,38,29,36,3,0
242,4.21,96,27,29,22,0
93,7.39,46,25,54,21,0
92,4.73,97,24,10,14,0
147,1.26,39,34,84,10,0
104,2.22,94,24,31,3,0
247,2.62,97,28,20,20,0
148,4.38,55,26,28,14,0
187,3.73,55,31,14,22,0
205,6.35,44,25,17,10,0
111,2.99,75,35,77,16,0
226,4.3,96,31,36,9,0
190,2.99,53,31,13,4,0
33,7.07,82,31,32,14,0
68,3.44,82,32,66,23,0
69,0.91,39,31,16,8,0
165,0.58,32,26,56,5,0
219,2.83,65,32,78,14,0
86,5.07,59,28,34,17,0
154,2.54,86,34,56,23,0
227,7.89,51,28,63,22,0
199,5.46,88,30,40,11,0
201,0.66,63,32,20,11,0
213,2.49,97,27,34,22,0
100,1.27,94,32,60,5,0
80,7.5,95,31,24,8,0
122,6.53,52,33,48,18,0
161,6.55,42,29,15,21,0
51,1.68,92,24,85,17,0
174,3.76,93,24,76,16,0
99,6.4,97,25,52,21,0
162,0.59,87,24,23,3,0
188,1.23,88,26,15,2,0
176,4.56,94,28,36,17,0
133,1.39,93,26,28,13,0
79,1.49,49,27,53,24,0
1,7.04,86,28,81,8,0
205,5.19,96,25,25,24,0
82,5.21,41,28,84,6,0
26,3.59,35,24,14,15,0
68,1.01,88,24,71,19,0
111,3.0,98,34,75,16,0
166,7.58,42,27,63,8,0
78,1.37,48,29,29,19,0
62,3.74,86,31,71,11,0
16,1.27,87,28,37,10,0
196,1.92,70,24,58,13,0
70,2.48,39,25,44,17,0
1,2.66,67,29,35,12,0
182,1.08,58,29,29,10,0
181,5.72,48,27,75,22,0
33,5.78,35,34,19,10,0
224,5.54,99,32,68,5,1
58,4.98,58,27,74,20,0
153,3.87,82,34,31,20,0
47,0.55,51,27,39,14,0
27,5.21,74,27,16,18,0
136,3.88,30,33,45,10,0
236,5.13,61,29,57,7,0
144,4.24,56,29,59,4,0
243,6.11,54,35,24,5,0
92,4.35,56,33,28,18,0
42,5.28,71,25,49,8,0
112,6.64,81,24,78,12,0
175,7.33,90,25,76,2,1
74,4.96,77,30,19,19,0
37,3.37,65,34,72,14,0
247,2.0,94,30,17,20,0
237,3.28,35,34,48,18,0
187,3.26,83,28,18,19,0
55,6.41,31,33,69,7,0
249,4.25,66,35,27,3,0
62,2.69,40,33,66,14,0
3,4.93,36,34,63,5,0
219,1.29,84,26,87,7,0
241,3.57,67,28,38,6,0
240,1.89,50,25,80,4,0
108,6.7,64,27,78,2,0
195,7.43,56,31,32,22,0
60,3.15,81,31,34,14,0
54,2.12,84,28,45,15,0
233,3.3,87,30,89,2,0
112,1.27,38,29,44,8,0
149,4.41,34,33,85,24,0
207,6.11,86,29,82,16,1
164,3.58,61,27,32,14,0
144,6.05,95,28,15,13,0
17,2.73,62,24,41,11,0
242,2.31,39,35,45,3,0
200,2.09,40,30,56,23,0
126,2.26,44,35,33,9,0
106,4.68,76,24,71,2,0
18,5.59,69,33,74,19,0
97,3.59,30,25,57,16,0
204,5.72,93,30,35,18,0
70,1.36,55,24,76,8,0
57,4.31,82,24,71,18,0
170,1.02,32,28,41,17,0
24,5.98,85,24,89,10,0
242,1.46,58,26,28,3,0
168,7.12,32,34,62,15,0
29,5.36,47,26,57,3,0
223,0.81,35,35,66,9,0
35,6.86,86,24,54,19,0
65,4.35,49,34,76,20,0
2,3.13,93,31,68,24,0
61,3.31,89,27,84,12,0
95,0.56,31,24,18,3,0
60,1.28,77,32,45,9,0
200,4.88,74,30,67,21,0
208,0.61,93,35,38,8,0
91,1.96,35,33,26,17,0
214,5.04,50,33,45,11,0
228,4.56,91,33,85,11,0
188,5.87,83,31,68,9,1
236,2.11,39,35,20,16,0
79,1.08,31,25,21,20,0
89,3.88,91,24,71,7,0
248,2.48,67,26,70,2,0
221,2.52,57,28,22,5,0
134,2.48,82,27,32,24,0
69,6.4,62,35,17,2,0
164,2.45,99,28,44,16,0
4,5.23,75,25,57,7,0
216,7.23,88,31,38,8,0
103,5.5,47,25,17,12,0
224,4.83,67,34,29,13,0
42,7.5,90,33,76,14,0
90,2.31,44,24,44,21,0
202,3.2,83,34,39,17,0
244,2.24,67,31,58,5,0
159,1.49,87,26,12,17,0
196,6.98,39,26,34,5,0
60,5.29,48,34,75,11,0
60,3.42,49,26,33,12,0
109,3.29,57,28,72,6,0
50,3.82,79,27,51,21,0
165,4.95,61,34,70,19,0
154,5.58,50,35,14,24,0
168,5.33,83,33,31,20,0
64,5.27,33,24,24,9,0
203,0.82,76,24,55,15,0
177,0.64,62,30,68,12,0
206,6.79,49,29,12,14,0
204,4.88,78,29,75,5,0
181,4.87,69,34,31,21,0
7,1.0,59,24,64,17,0
173,5.44,36,34,65,17,0
154,6.03,64,26,46,11,0
208,5.17,86,31,88,22,1
221,1.46,82,30,21,18,0
16,6.89,58,26,20,3,0
177,3.62,87,25,29,19,0
101,7.57,61,27,24,6,0
83,7.8,69,31,49,13,0
55,1.67,40,31,65,11,0
38,3.24,65,27,35,23,0
3,1.6,93,29,31,3,0
30,2.77,75,28,73,7,0
9,4.29,53,26,53,17,0
59,4.16,46,24,66,24,0
105,2.61,38,29,22,17,0
17,5.5,69,24,24,11,0
14,0.84,68,24,41,10,0
39,3.29,92,35,53,7,0
210,5.44,77,25,25,24,0
38,3.9,91,31,22,14,0
80,6.63,35,26,86,15,0
94,3.52,68,31,34,14,0
159,2.6,92,29,62,4,0
155,4.18,51,29,81,24,0
71,3.28,35,26,19,4,0
186,3.03,88,28,71,21,0
88,0.69,60,28,31,5,0
12,5.18,71,25,58,21,0
243,6.13,83,27,10,16,0
204,1.2,87,31,32,15,0
71,2.06,88,30,37,17,0
118,4.15,46,30,22,19,0
220,5.81,42,34,30,17,0
54,5.35,44,32,61,11,0
107,4.26,81,24,66,21,0
136,6.79,30,35,84,3,0
207,2.28,44,35,87,9,0
71,7.42,41,24,51,20,0
138,4.76,46,24,41,22,0
84,6.76,85,29,59,7,0
164,6.12,83,31,58,4,0
114,3.09,78,28,75,9,0
82,5.28,46,29,28,7,0
27,6.86,66,26,77,23,0
217,7.35,65,33,22,21,0
57,5.87,89,26,67,4,0
237,1.09,57,24,51,19,0
47,6.76,92,35,81,17,0
113,7.46,56,32,25,13,0
30,1.63,43,32,43,4,0
249,0.54,55,27,73,9,0
9,1.83,53,28,76,17,0
112,0.55,82,35,35,16,0
161,6.92,79,27,21,24,0
131,2.85,84,24,75,4,0
121,5.03,78,27,71,2,1
115,2.66,44,33,61,16,0
45,5.24,34,29,56,24,0
195,4.86,50,35,32,4,0
39,3.5,81,24,81,24,0
202,6.51,34,33,62,24,0
36,1.39,98,32,68,17,0
1,6.04,89,26,39,12,0
219,2.17,68,33,86,9,0
190,4.71,83,35,82,8,0
222,6.37,85,25,40,21,0
88,5.69,84,29,49,6,0
110,4.81,92,33,63,11,0
148,6.09,51,29,89,9,0
189,6.54,46,29,22,18,0
165,4.0,74,29,44,15,0
13,3.36,90,29,36,14,0
240,2.57,64,35,15,6,0
213,1.07,52,32,43,16,0
4,2.84,35,29,68,19,0
145,2.99,43,30,53,24,0
142,5.1,64,24,44,20,0
147,4.63,61,33,57,13,0
103,2.9,46,30,59,2,0
98,3.16,42,29,67,15,0
164,1.03,97,31,68,17,0
219,7.3,33,33,37,14,0
193,4.68,37,31,24,12,0
158,7.69,74,25,17,8,0
247,3.98,86,26,39,11,0
229,4.48,98,28,48,3,0
170,7.2,52,28,15,15,0
107,3.34,52,29,41,11,0
145,2.37,35,31,72,4,0
105,0.55,46,27,72,5,0
80,5.96,34,29,79,4,0
21,1.49,51,30,20,14,0
233,0.69,89,35,23,2,0
17,1.4,52,33,56,6,0
46,4.23,59,32,37,3,0
236,4.74,54,33,87,11,0
248,5.68,70,32,87,4,0
115,3.02,39,26,84,12,0
84,6.76,74,30,73,3,0
75,0.77,83,34,84,17,0
240,0.57,88,33,25,7,0
184,6.41,76,33,85,14,1
131,7.8,31,33,68,16,0
71,7.28,75,31,21,14,0
42,6.54,65,28,17,6,0
89,1.22,57,29,56,13,0
100,1.13,45,33,80,14,0
179,4.19,66,26,24,5,0
174,4.47,48,33,30,6,0
26,7.33,58,27,34,7,0
62,3.21,51,25,78,23,0
99,4.89,48,30,43,14,0
170,5.31,51,27,61,16,0
163,1.42,48,29,79,21,0
238,6.43,49,32,41,5,0
49,3.48,49,30,84,6,0
21,5.53,73,25,86,11,0
136,1.67,36,27,28,11,0
221,3.14,64,32,70,20,0
94,4.01,95,34,19,3,0
193,2.98,46,30,40,12,0
87,6.67,33,30,35,16,0
49,2.4,94,35,62,11,0
198,2.4,53,27,28,12,0
39,1.2,96,35,76,11,0
26,4.96,95,24,25,3,0
59,0.51,67,35,34,11,0
187,7.57,71,28,89,14,0
21,1.42,56,32,89,3,0
159,4.09,95,35,49,10,0
75,0.71,39,32,57,21,0
38,5.24,94,26,45,23,0
154,5.25,86,25,38,16,0
11,4.94,53,28,19,15,0
77,6.8,43,25,67,13,0
149,1.57,65,27,31,15,0
126,5.73,85,32,42,14,0
163,5.11,67,26,32,14,0
122,1.11,98,27,30,9,0
242,4.95,99,35,25,18,0
236,6.78,90,30,55,16,0
43,7.43,83,35,14,14,0
26,3.52,72,24,40,4,0
16,4.66,83,30,41,9,0
140,7.68,64,28,82,7,0
152,3.38,95,28,81,24,0
128,2.86,68,29,84,23,0
217,0.99,49,26,74,22,0
110,2.89,95,27,79,9,0
28,5.71,62,26,69,4,0
196,4.84,49,32,48,5,0
242,4.25,74,34,22,14,0
187,6.26,81,28,52,20,0
199,1.44,71,33,35,24,0
42,2.58,38,27,65,20,0
239,1.29,41,30,87,12,0
153,2.72,40,29,52,20,0
191,3.49,71,35,74,4,0
231,4.59,81,29,56,8,0
10,7.31,97,32,21,7,0
109,3.03,80,28,46,15,0
52,2.87,42,32,63,21,0
117,5.21,78,30,20,23,0
232,2.38,52,25,37,12,0
110,3.09,54,29,38,20,0
96,4.29,64,35,26,4,0
207,1.36,74,31,60,7,0
105,5.1,82,29,47,24,0
216,7.55,51,24,50,11,0
137,2.47,79,29,61,2,0
0,1.72,89,25,13,18,0
131,2.07,33,24,80,19,0
200,1.24,37,31,45,19,0
243,1.09,56,32,27,17,0
98,1.64,88,27,46,18,0
38,7.55,77,30,13,23,0
202,6.44,41,27,27,22,0
198,5.59,87,33,15,7,0
43,0.8,48,28,27,6,0
29,5.54,62,33,21,23,0
93,0.67,38,29,30,13,0
246,2.2,91,28,24,3,0
179,0.68,73,29,27,4,0
134,7.27,67,28,67,2,0
107,0.86,40,27,77,18,0
97,6.5,51,25,53,7,0
169,6.38,86,28,64,17,1
94,4.56,57,35,60,24,0
176,4.79,74,29,41,6,0
214,6.41,82,34,83,8,1
121,1.1,58,34,12,20,0
9,2.02,64,29,21,16,0
37,4.34,48,26,17,9,0
246,1.96,76,27,60,22,0
194,1.03,45,26,18,15,0
76,1.35,44,30,50,23,0
151,4.44,73,24,19,12,0
207,6.82,85,24,59,13,0
88,1.45,55,32,45,24,0
170,5.68,98,34,34,19,0
189,3.37,57,25,68,20,0
55,3.58,38,31,77,15,0
248,1.24,96,33,17,7,0
207,7.72,74,28,34,21,0
117,5.13,95,33,54,19,0
174,7.42,84,34,28,4,0
230,2.31,43,29,54,13,0
215,3.49,80,34,32,23,0
18,3.01,84,35,69,2,0
146,4.41,81,24,46,4,0
97,5.39,69,29,86,24,0
53,0.94,57,26,69,14,0
45,0.58,84,30,35,9,0
84,7.94,94,29,32,20,0
63,5.98,52,34,27,24,0
206,1.71,86,30,32,14,0
171,2.08,76,31,60,11,0
134,6.35,35,34,18,22,0
108,3.59,50,33,49,17,0
44,4.16,49,28,26,10,0
193,2.66,70,29,84,7,0
133,0.68,43,25,49,4,0
246,4.8,53,26,27,18,0
115,3.56,64,24,34,14,0
176,6.96,45,25,28,24,0
210,5.09,83,26,82,2,1
41,1.86,63,35,64,19,0
33,3.77,74,29,30,7,0
95,6.74,68,33,19,21,0
17,2.62,44,27,72,9,0
8,2.82,55,27,25,16,0
98,4.68,98,30,14,21,0
78,5.47,31,27,51,14,0
73,2.06,37,26,72,15,0
8,1.53,40,26,51,14,0
163,4.25,41,28,83,10,0
51,4.34,85,35,32,8,0
39,6.53,52,33,60,6,0
246,1.64,60,25,29,13,0
182,1.48,31,32,22,8,0
219,2.05,99,26,67,4,0
81,2.05,93,28,68,20,0
125,1.99,45,31,77,16,0
216,2.93,64,30,23,18,0
210,7.67,36,26,58,17,0
110,2.51,80,31,89,21,0
82,7.07,92,30,36,11,0
33,2.55,35,31,27,24,0
133,5.62,54,30,55,12,0
25,2.33,57,26,84,7,0
188,1.53,77,28,63,8,0
221,7.58,80,27,68,8,1
136,7.9,58,31,65,23,0
195,5.19,32,29,16,2,0
218,2.13,73,30,50,12,0
41,4.62,79,27,46,10,0
186,5.03,77,28,57,4,0
115,7.5,43,24,33,21,0
150,5.09,99,34,24,19,0
35,2.25,32,32,70,21,0
240,2.16,63,35,87,3,0
81,3.8,60,32,47,15,0
135,3.48,31,24,87,21,0
84,3.58,51,26,25,19,0
121,5.55,72,24,89,24,0
129,7.48,68,25,15,18,0
230,6.84,98,27,73,17,1
50,0.91,98,33,66,3,0
8,4.65,93,29,31,3,0
182,6.15,47,30,74,2,0
0,1.39,33,25,36,12,0
58,5.16,57,33,64,5,0
187,7.96,63,30,65,18,0
12,1.11,83,24,52,8,0
188,4.32,47,30,63,20,0
29,6.34,87,27,76,8,0
247,2.91,36,31,79,23,0
249,4.54,78,27,38,22,0
217,3.09,76,35,51,20,0
183,6.64,49,31,36,7,0
71,2.81,53,30,72,24,0
59,3.63,59,29,84,21,0
125,4.2,70,33,74,17,0
145,2.73,46,29,23,24,0
216,6.83,85,29,76,24,1
146,2.95,64,25,10,21,0
84,4.58,66,24,60,2,0
218,6.03,45,35,70,23,0
167,2.09,94,27,83,12,0
16,6.65,52,30,53,22,0
70,4.28,63,27,87,15,0
15,1.7,48,25,19,19,0
124,3.85,41,29,31,10,0
83,5.48,87,29,27,7,0
44,1.89,52,33,86,8,0
78,7.65,55,24,88,5,0
108,6.9,86,28,70,3,0
54,6.72,67,30,89,15,0
156,3.07,96,30,38,3,0
96,7.54,52,30,12,19,0
42,1.02,30,27,15,8,0
9,1.61,59,27,30,18,0
96,1.98,92,33,60,13,0
55,4.9,61,34,37,18,0
63,4.02,87,25,45,19,0
198,3.6,89,29,72,2,0
202,0.92,77,34,47,10,0
172,4.59,46,31,66,3,0
95,4.13,91,31,18,5,0
80,1.34,79,31,67,12,0
84,4.6,84,31,83,14,0
144,1.97,74,25,26,10,0
13,6.2,33,25,29,16,0
106,0.91,56,35,28,21,0
25,3.68,55,35,58,19,0
223,4.17,95,24,51,20,0
16,2.74,78,31,72,4,0
106,6.47,55,26,81,21,0
99,7.56,36,27,25,23,0
61,3.84,54,33,89,17,0
185,4.88,35,27,89,8,0
232,2.14,55,33,87,8,0
160,6.11,74,27,72,4,0
179,4.49,55,34,11,15,0
107,4.06,41,33,53,2,0
12,5.14,55,28,37,17,0
227,0.9,52,24,57,3,0
83,6.93,75,26,64,13,0
39,6.27,45,26,43,13,0
237,1.01,93,27,31,19,0
11,6.82,80,31,80,17,0
18,3.05,56,28,57,8,0
186,5.6,44,26,78,24,0
180,4.52,44,26,79,18,0
153,0.81,50,32,20,7,0
71,7.46,64,30,23,24,0
13,5.72,67,35,43,10,0
9,5.95,46,26,71,20,0
0,4.73,33,33,22,3,0
105,5.84,33,25,78,20,0
129,1.41,35,31,60,12,0
190,0.69,41,32,11,9,0
249,3.01,82,27,19,22,0
211,2.43,65,33,85,15,0
239,3.78,50,35,59,8,0
19,7.42,36,32,10,7,0
37,0.78,73,29,53,11,0
118,0.81,35,24,60,19,0
37,4.14,39,31,81,22,0
247,1.85,86,30,42,19,0
183,6.13,77,33,36,11,0
109,6.71,71,33,35,12,0
22,0.77,81,31,40,8,0
231,7.58,31,25,56,2,0
228,0.8,64,26,27,15,0
87,5.13,59,35,62,11,0
86,6.25,40,25,67,5,0
160,5.01,69,32,77,11,0
146,5.64,48,33,32,23,0
207,2.89,53,25,62,9,0
17,7.35,34,33,39,23,0
12,2.88,32,33,67,13,0
129,0.62,57,25,86,6,0
213,5.71,36,33,85,17,0
150,4.86,89,32,41,16,0
228,4.53,81,32,62,15,0
177,6.84,36,31,37,4,0
142,1.88,99,24,13,12,0
107,5.12,66,30,49,14,0
150,7.64,90,27,89,22,1
105,0.76,41,33,18,13,0
68,7.35,83,35,65,4,0
196,7.83,87,34,51,7,0
67,5.21,85,32,81,6,0
50,2.04,44,29,24,6,0
220,3.4,80,33,21,23,0
3,7.39,65,32,85,3,0
163,5.22,38,28,27,12,0
162,4.57,33,32,54,19,0
206,2.69,98,25,10,8,0
95,3.16,64,33,48,18,0
189,5.49,51,27,58,10,0
67,4.28,31,24,40,16,0
167,2.83,72,25,64,18,0
123,3.2,86,34,77,17,0
191,2.71,59,27,76,23,0
112,1.12,78,35,64,22,0
55,5.95,73,33,62,21,0
206,6.67,45,28,30,16,0
144,4.02,48,25,87,5,0
99,5.87,48,35,16,13,0
116,3.0,63,25,78,24,0
9,3.93,70,30,78,11,0
9,5.82,89,26,30,9,0
192,5.9,59,28,58,10,0
144,6.31,86,27,70,9,1
165,3.93,48,27,59,2,0
140,6.21,91,34,58,5,0
121,2.38,35,32,10,8,0
185,4.16,85,30,29,7,0
181,7.18,34,31,30,19,0
174,2.62,48,24,74,14,0
130,6.65,69,26,34,14,0
229,0.98,81,35,65,24,0
111,7.59,95,26,16,23,0
190,5.08,88,27,82,18,1
26,2.43,92,27,28,18,0
68,7.97,68,27,49,14,0
131,7.83,98,35,77,10,1
195,4.58,43,28,27,11,0
56,5.51,46,31,84,4,0
22,3.38,61,35,18,16,0
155,4.13,64,29,36,20,0
108,6.57,94,28,58,14,0
128,2.27,88,30,27,17,0
173,1.1,47,34,48,18,0
220,2.33,83,25,80,5,0
145,1.49,88,32,82,15,0
199,7.75,64,25,14,15,0
219,5.68,68,27,73,13,0
193,4.45,51,30,57,21,0
124,0.89,97,31,10,8,0
184,0.86,34,35,59,11,0
101,6.23,47,25,83,16,0
221,5.31,46,27,80,10,0
222,6.87,63,29,54,20,0
125,3.47,44,29,59,6,0
241,2.82,32,29,83,20,0
66,1.02,77,24,16,14,0
119,7.08,39,30,26,21,0
133,6.2,38,34,86,20,0
20,3.43,33,31,68,4,0
2,3.83,69,29,44,13,0
